area,positionname,longitude,latitude,timepoint,pm2_5,pm10,co,no2,so2,o3,o3_8h,aqi,primarypollutant
阿坝藏族羌族自治州,马师校,102.2503,31.8896,2026-09-08T0000,9,21,0.4,9,4,17,56,21,
阿坝藏族羌族自治州,马尔康中学西区,102.2174,31.9016,2026-09-08T0000,8,NA,0.3,4,4,31,61,12,
阿克苏地区,电视台,80.2899,41.1684,2026-09-08T0000,30,72,0.4,10,6,61,92,66,颗粒物(PM10)
阿克苏地区,艺术中心,80.2592,41.1541,2026-09-08T0000,34,NA,0.4,12,5,78,102,NA,NA
阿拉善盟,蒙二幼,105.699,38.8409,2026-09-08T0000,3,6,0.6,3,8,59,60,19,
阿拉善盟,环保局新楼,105.7198,38.8508,2026-09-08T0000,3,6,0.6,3,10,63,62,20,
阿勒泰地区,市站,88.1266,47.8515,2026-09-08T0000,6,52,0.4,18,1,48,85,52,颗粒物(PM10)
阿勒泰地区,阿勒泰路33号,88.1198,47.7931,2026-09-08T0000,3,42,0.3,10,3,69,92,42,
阿里地区,阿里监测站,80.1171,32.4999,2026-09-08T0000,3,6,0.2,3,3,90,94,29,
阿里地区,阿里藏医院,80.0906,32.5029,2026-09-08T0000,3,6,0.3,3,6,82,90,26,
安康市,汉滨区检察院,109.0088,32.6974,2026-09-08T0000,31,47,0.7,12,3,56,157,47,
安康市,市邮政管理局,109.0324,32.6913,2026-09-08T0000,34,51,1.0,14,6,57,165,51,颗粒物(PM10)
安庆市,环科院,117.0806,30.5181,2026-09-08T0000,26,42,0.8,20,8,85,143,42,
安庆市,马山宾馆,117.0331,30.5118,2026-09-08T0000,26,42,0.7,18,6,94,144,42,
安庆市,安庆大学,116.9897,30.6146,2026-09-08T0000,17,29,0.3,18,4,88,127,29,
安庆市,市人大,117.0598,30.5351,2026-09-08T0000,25,35,0.7,18,8,93,143,36,
安顺市,凤凰山,105.9408,26.2431,2026-09-08T0000,18,19,0.5,7,7,60,85,26,
安顺市,金钟山,105.9443,26.2567,2026-09-08T0000,14,20,0.6,6,8,61,89,20,
安顺市,娄家坡,105.8983,26.248,2026-09-08T0000,11,NA,0.4,3,5,59,85,19,
安阳市,红庙街,114.3552,36.1017,2026-09-08T0000,47,83,0.8,22,7,110,198,74,"颗粒物(PM10),细颗粒物(PM2.5)"
安阳市,银杏小区,114.361,36.0681,2026-09-08T0000,55,86,0.8,19,7,122,201,90,细颗粒物(PM2.5)
安阳市,信访局,114.3921,36.0879,2026-09-08T0000,57,82,0.6,21,6,122,205,94,细颗粒物(PM2.5)
安阳市,左辅环卫站,114.4706,36.0634,2026-09-08T0000,51,102,0.7,11,6,107,177,88,颗粒物(PM10)
安阳市,钢三路198号,114.2918,36.0769,2026-09-08T0000,51,91,0.8,10,7,107,174,82,细颗粒物(PM2.5)
鞍山市,深沟寺,123.0441,41.1201,2026-09-08T0000,15,21,0.6,11,6,36,60,22,
鞍山市,太阳城,123.011,41.0931,2026-09-08T0000,18,26,0.7,8,7,39,56,26,
鞍山市,太平,123.0483,41.1445,2026-09-08T0000,17,30,0.8,12,8,33,50,30,
鞍山市,铁西三道街,122.964,41.0968,2026-09-08T0000,32,51,2.5,30,14,18,57,51,颗粒物(PM10)
鞍山市,明达新区,123.0219,41.0822,2026-09-08T0000,16,26,0.8,9,6,38,59,26,
鞍山市,兴盛南路290号,122.944647,41.082639,2026-09-08T0000,27,45,2.9,31,19,20,58,45,
巴彦淖尔市,附二中,107.4206,40.7609,2026-09-08T0000,9,20,0.5,8,8,43,49,20,
巴彦淖尔市,市环保大楼,107.37,40.7372,2026-09-08T0000,11,30,0.5,5,12,42,53,30,
巴音郭楞蒙古自治州,孔雀公园,86.1476,41.7529,2026-09-08T0000,35,100,0.4,38,2,35,93,86,颗粒物(PM10)
巴音郭楞蒙古自治州,棉纺厂,86.1971,41.7166,2026-09-08T0000,42,114,/,26,/,50,91,96,颗粒物(PM10)
巴音郭楞蒙古自治州,经济开发区,86.236,41.7172,2026-09-08T0000,40,83,0.2,15,1,54,91,74,颗粒物(PM10)
巴中市,市五中,106.776805,31.852614,2026-09-08T0000,63,65,1.0,18,12,29,109,103,细颗粒物(PM2.5)
巴中市,圣泉水务公司,106.7419,31.8654,2026-09-08T0000,43,44,0.8,13,12,59,121,66,细颗粒物(PM2.5)
巴中市,市中心医院,106.7617,31.8343,2026-09-08T0000,53,60,1.1,20,9,39,120,86,细颗粒物(PM2.5)
白城市,洮北区环保局,122.7909,45.608,2026-09-08T0000,6,22,0.3,5,3,27,53,22,
白城市,市环保局,122.8741,45.5725,2026-09-08T0000,9,17,0.5,10,3,20,50,17,
白山市,喜丰,126.4219,41.9172,2026-09-08T0000,3,15,0.5,4,6,45,108,15,
白山市,环保局,126.4082,41.9416,2026-09-08T0000,3,6,0.5,3,4,44,102,14,
白银市,第三小学,104.1727,36.5448,2026-09-08T0000,3,7,0.2,3,3,62,69,20,
白银市,动力公司,104.1467,36.5482,2026-09-08T0000,3,NA,0.5,3,2,59,64,19,
百色市,市监测站,106.6102,23.901,2026-09-08T0000,16,25,0.6,24,7,18,92,25,
百色市,市中心血站,106.6524,23.8842,2026-09-08T0000,28,58,0.5,22,8,20,95,56,颗粒物(PM10)
百色市,龙景西路,106.6273,23.8798,2026-09-08T0000,22,40,0.8,20,9,14,97,40,
蚌埠市,工人疗养院,117.396,32.9389,2026-09-08T0000,21,37,0.5,12,6,110,150,37,
蚌埠市,百货大楼,117.3606,32.9428,2026-09-08T0000,20,28,0.6,9,10,117,155,37,
蚌埠市,蚌埠学院,117.4183,32.8909,2026-09-08T0000,29,39,0.3,10,5,95,149,42,
蚌埠市,淮上区政府,117.3534,32.9672,2026-09-08T0000,23,34,0.4,25,6,106,154,34,
蚌埠市,高新区,117.3143,32.8977,2026-09-08T0000,23,39,0.4,7,4,104,147,39,
蚌埠市,蚌埠田家炳中学,117.3091,32.9314,2026-09-08T0000,24,35,0.4,5,8,114,158,36,
包头市,市环境监测站,109.8761,40.6533,2026-09-08T0000,7,12,0.3,16,3,54,61,17,
包头市,包头八中,109.9992,40.5843,2026-09-08T0000,8,12,0.5,16,6,47,63,15,
包头市,惠龙物流,109.8641,40.6288,2026-09-08T0000,3,8,0.3,10,2,59,59,19,
包头市,东河鸿龙湾,110.0376,40.5546,2026-09-08T0000,8,NA,0.6,7,10,46,49,15,
包头市,滨河大厦,109.9154,40.5684,2026-09-08T0000,3,6,0.3,16,5,32,61,10,
包头市,包头市委党校,109.9449,40.6259,2026-09-08T0000,9,NA,0.3,13,2,44,63,14,
包头市,昆区政府,109.8332,40.6577,2026-09-08T0000,3,6,0.3,10,3,57,58,18,
宝鸡市,竹园沟,107.0802,34.3129,2026-09-08T0000,3,NA,0.7,6,5,46,77,15,
宝鸡市,监测站,107.1429,34.3549,2026-09-08T0000,6,NA,0.5,9,2,41,78,13,
宝鸡市,技工学校,107.1172,34.3759,2026-09-08T0000,24,NA,0.7,9,6,35,80,35,
宝鸡市,文理学院,107.2025,34.3518,2026-09-08T0000,9,12,0.6,8,4,42,75,14,
宝鸡市,三迪小学,107.2396,34.3626,2026-09-08T0000,12,19,0.8,11,4,41,83,19,
宝鸡市,滨河北路,107.1721,34.3558,2026-09-08T0000,11,13,0.7,10,3,36,78,16,
宝鸡市,陈仓区北开路21号,107.3898,34.3601,2026-09-08T0000,9,10,0.5,10,5,44,86,14,
保定市,游泳馆,115.4803,38.8568,2026-09-08T0000,12,20,0.4,6,3,51,153,20,
保定市,华电二区,115.509,38.8895,2026-09-08T0000,8,32,0.2,4,1,53,147,32,
保定市,接待中心,115.4588,38.9037,2026-09-08T0000,14,29,0.2,2,4,50,150,29,
保定市,地表水厂,115.4484,38.8344,2026-09-08T0000,9,30,0,2,4,49,142,30,
保定市,满城区生态环境分局,115.3136,38.9511,2026-09-08T0000,13,NA,0.4,2,3,49,145,19,
保定市,清苑区第二中学,115.4709,38.7628,2026-09-08T0000,11,18,0.2,2,1,58,151,19,
保定市,徐水物探局,115.6231,39.0223,2026-09-08T0000,3,NA,0.2,4,2,50,147,16,
保定市,双鹰农机,115.4199,38.8665,2026-09-08T0000,18,NA,0.3,3,3,51,143,26,
保定市,植保所站,115.515,38.8589,2026-09-08T0000,3,21,0.4,5,3,58,155,21,
保山市,市环境监测站,99.1589,25.1137,2026-09-08T0000,9,18,0.3,8,8,28,51,18,
保山市,市环保局,99.1616,25.1381,2026-09-08T0000,3,6,0.5,5,6,23,67,8,
北海市,海滩公园,109.1435,21.4085,2026-09-08T0000,32,38,0.6,8,3,105,141,46,
北海市,新市环保局,109.0983,21.466,2026-09-08T0000,38,NA,0.6,10,2,114,138,56,细颗粒物(PM2.5)
北海市,北海工业园,109.1775,21.5232,2026-09-08T0000,42,76,0.8,28,2,29,100,69,颗粒物(PM10)
北海市,龙潭自来水厂,109.1844,21.4396,2026-09-08T0000,32,36,0.5,5,4,97,141,46,
北京市,万寿西宫,116.3611,39.8786,2026-09-08T0000,3,13,0.3,5,2,43,116,14,
北京市,东四,116.4174,39.9289,2026-09-08T0000,3,12,0.3,8,2,43,110,14,
北京市,天坛,116.4073,39.8858,2026-09-08T0000,3,11,0.4,4,1,41,104,13,
北京市,农展馆,116.4622,39.9364,2026-09-08T0000,NA,NA,NA,NA,NA,NA,55,NA,NA
北京市,官园,116.3399,39.9293,2026-09-08T0000,3,11,0.3,15,2,40,109,13,
北京市,海淀万柳,116.2879,39.9613,2026-09-08T0000,3,10,0.1,6,2,33,104,11,
北京市,顺义新城,116.6635,40.1349,2026-09-08T0000,3,9,0.3,7,2,43,90,14,
北京市,怀柔镇,116.6275,40.327,2026-09-08T0000,3,8,0.4,5,1,45,84,15,
北京市,昌平镇,116.2295,40.217,2026-09-08T0000,3,8,0.3,5,1,35,86,11,
北京市,奥体中心,116.3968,39.982,2026-09-08T0000,3,10,0.3,14,2,34,95,11,
北京市,密云新城,116.8336,40.4095,2026-09-08T0000,3,6,0.3,3,3,41,79,13,
北京市,门头沟三家店,116.0879,39.9725,2026-09-08T0000,3,6,0.4,7,2,46,121,15,
北京市,丰台云岗,116.1507,39.8246,2026-09-08T0000,3,7,0.3,6,3,41,104,13,
北京市,房山燕山,115.9578,39.7602,2026-09-08T0000,3,6,0.2,3,3,57,109,18,
北京市,大兴旧宫,116.4669,39.7734,2026-09-08T0000,3,11,0.4,7,3,43,114,14,
北京市,延庆石河营,115.9859,40.4562,2026-09-08T0000,NA,NA,NA,NA,NA,NA,84,NA,NA
北京市,怀柔新城,116.6151,40.3052,2026-09-08T0000,3,8,0.3,2,2,47,79,15,
北京市,丰台小屯,116.2542,39.8764,2026-09-08T0000,3,7,0.4,7,2,39,107,13,
北京市,密云镇,116.8399,40.3843,2026-09-08T0000,3,6,0.3,3,4,40,76,13,
北京市,延庆百泉,115.9423,40.4431,2026-09-08T0000,3,11,0.7,16,1,24,86,11,
北京市,通州新华,116.6598,39.9164,2026-09-08T0000,3,7,0.4,10,3,33,101,11,
北京市,石景山八角,116.1942,39.9158,2026-09-08T0000,3,6,0.4,6,7,53,116,17,
北京市,平谷新城,117.078628,40.151726,2026-09-08T0000,3,9,0.2,4,4,34,92,11,
本溪市,大峪,123.8274146,41.31234549,2026-09-08T0000,3,10,0.6,6,6,37,55,12,
本溪市,彩屯,123.7169,41.3094,2026-09-08T0000,10,19,0.6,8,5,38,52,19,
本溪市,东明,123.7672166,41.28649327,2026-09-08T0000,8,10,0.6,7,4,43,52,14,
本溪市,新立屯,123.799345,41.266614,2026-09-08T0000,9,15,0.5,6,8,40,61,15,
本溪市,威宁,123.829144,41.336777,2026-09-08T0000,9,NA,0.4,6,5,39,54,13,
毕节市,八中,105.287,27.3133,2026-09-08T0000,22,28,0.5,14,6,44,95,32,
毕节市,师专,105.3079,27.2987,2026-09-08T0000,26,39,0.4,23,7,40,95,39,
毕节市,工业大道,105.3688,27.3598,2026-09-08T0000,21,26,/,14,9,51,104,30,
滨州市,第二水厂,117.9961,37.3604,2026-09-08T0000,12,27,0.6,10,6,58,132,27,
滨州市,北中新校,117.9789,37.3931,2026-09-08T0000,11,22,0.8,7,9,61,134,22,
滨州市,中海酒店,117.9379,37.3959,2026-09-08T0000,11,24,0.3,10,4,66,143,24,
滨州市,开发区一中,117.9381509,37.35547456,2026-09-08T0000,12,27,0.2,4,3,62,142,27,
滨州市,金海六路,118.0914,37.6938,2026-09-08T0000,9,37,0.8,4,2,NA,131,NA,NA
滨州市,滨州市西街道办事处,117.9955,37.3752,2026-09-08T0000,12,27,0.1,9,4,60,134,27,
亳州市,污水处理厂,115.8071,33.8399,2026-09-08T0000,38,56,0.4,16,12,88,168,56,细颗粒物(PM2.5)
亳州市,三国揽胜宫,115.7789,33.8519,2026-09-08T0000,25,52,0.4,13,7,115,168,52,颗粒物(PM10)
亳州市,亳州学院,115.7631,33.803,2026-09-08T0000,29,46,0.3,7,9,122,168,46,
博尔塔拉蒙古自治州,市党校,82.0482,44.8553,2026-09-08T0000,22,89,0.2,15,5,69,116,78,颗粒物(PM10)
博尔塔拉蒙古自治州,市环保局,82.0805,44.8966,2026-09-08T0000,28,81,0.6,42,5,39,115,73,颗粒物(PM10)
沧州市,沧县城建局,116.8733,38.2922,2026-09-08T0000,24,38,0.6,9,5,50,151,38,
沧州市,电视转播站,116.8462,38.3189,2026-09-08T0000,16,31,0.1,4,3,47,142,31,
沧州市,市环保局,116.8588,38.3161,2026-09-08T0000,26,30,0.3,8,4,47,136,38,
沧州市,河北水利电力学院,116.8011,38.294,2026-09-08T0000,9,19,0.4,7,3,51,147,19,
昌都市,昌都监测站,97.1813,31.1289,2026-09-08T0000,3,32,0.3,7,4,36,57,32,
昌都市,昌都会议中心,97.1707,31.1428,2026-09-08T0000,3,6,0.3,4,3,52,62,17,
昌吉回族自治州,新区政务中心,87.2722,44.0298,2026-09-08T0000,24,40,0.5,72,6,4,103,40,
昌吉回族自治州,亚心广场,87.3069,44.0093,2026-09-08T0000,21,63,0.7,75,9,12,110,60,颗粒物(PM10)
昌吉回族自治州,财政所,87.2057,43.9289,2026-09-08T0000,15,42,0.0,12,7,39,107,42,
长春市,客车厂,125.2874,43.9024,2026-09-08T0000,11,15,0.5,10,5,34,73,16,
长春市,邮电学院,125.2943,43.8508,2026-09-08T0000,10,17,0.4,8,6,27,46,17,
长春市,劳动公园,125.3648,43.8745,2026-09-08T0000,16,19,0.5,11,5,27,49,23,
长春市,园林处,125.3233,43.8781,2026-09-08T0000,12,14,0.4,13,6,30,73,18,
长春市,净月潭,125.4604,43.7904,2026-09-08T0000,14,21,0.4,10,8,20,33,21,
长春市,经开区环卫处,125.38,43.8422,2026-09-08T0000,10,15,0.4,9,7,28,36,15,
长春市,高新区管委会,125.234,43.7761,2026-09-08T0000,15,27,0.5,16,7,20,48,27,
长春市,岱山公园,125.1695,43.83,2026-09-08T0000,19,26,0.7,31,4,8,47,28,
长春市,北亚泰大街1068号,125.334645,43.916281,2026-09-08T0000,14,21,0.3,12,6,26,62,21,
长沙市,经开区环保局,113.082,28.2421,2026-09-08T0000,34,51,0.7,15,5,108,192,51,颗粒物(PM10)
长沙市,高开区环保局,112.8873,28.2202,2026-09-08T0000,37,53,0.9,11,5,110,168,54,细颗粒物(PM2.5)
长沙市,马坡岭,113.0785,28.2012,2026-09-08T0000,42,60,0.7,14,8,109,244,64,细颗粒物(PM2.5)
长沙市,湖南师范大学,112.9448,28.1894,2026-09-08T0000,38,52,0.6,16,10,83,175,56,细颗粒物(PM2.5)
长沙市,雨花区环保局,113.0177,28.1322,2026-09-08T0000,43,59,0.9,21,7,96,203,66,细颗粒物(PM2.5)
长沙市,伍家岭,112.9795,28.2593,2026-09-08T0000,57,72,0.6,24,5,73,170,94,细颗粒物(PM2.5)
长沙市,火车新站,113.002,28.1944,2026-09-08T0000,40,61,0.8,20,6,91,184,60,细颗粒物(PM2.5)
长沙市,天心区环保局,112.9846,28.1177,2026-09-08T0000,48,63,0.9,27,4,103,204,76,细颗粒物(PM2.5)
长沙市,湖南中医药大学,112.8906,28.1307,2026-09-08T0000,48,79,0.6,46,7,24,178,76,细颗粒物(PM2.5)
长治市,清华站,113.1146,36.1547,2026-09-08T0000,35,45,0.7,7,11,145,171,50,
长治市,审计局,113.0887,36.2126,2026-09-08T0000,44,44,1.0,10,12,156,173,68,细颗粒物(PM2.5)
长治市,长治八中,113.0845,36.1856,2026-09-08T0000,35,55,0.8,13,12,159,175,54,颗粒物(PM10)
长治市,德盛苑,113.1561,36.1912,2026-09-08T0000,43,54,1.1,9,13,136,177,66,细颗粒物(PM2.5)
长治市,向阳小学,113.0603,36.0464,2026-09-08T0000,34,88,0.7,6,10,145,172,78,颗粒物(PM10)
长治市,屯留一中,112.8788,36.315,2026-09-08T0000,38,48,0.7,9,14,165,174,57,臭氧1小时(O3_1h)
长治市,英华南巷50号,113.113092,36.199482,2026-09-08T0000,37,60,1.1,8,14,146,176,58,颗粒物(PM10)
长治市,学府街1号,113.23666,36.33435,2026-09-08T0000,34,52,0.9,2,15,167,184,59,臭氧1小时(O3_1h)
常德市,市二中,111.696,28.9725,2026-09-08T0000,96,NA,1.1,24,9,64,154,133,细颗粒物(PM2.5)
常德市,武陵区永安,111.7152,29.0288,2026-09-08T0000,89,NA,1.1,12,9,104,161,127,细颗粒物(PM2.5)
常德市,鼎城区玉霞,111.6891,28.9881,2026-09-08T0000,93,NA,1.2,21,12,70,160,130,细颗粒物(PM2.5)
常德市,武陵区长庚,111.6651,29.0526,2026-09-08T0000,68,74,1.1,10,10,106,164,108,细颗粒物(PM2.5)
常州市,市监测站,119.9524,31.7586,2026-09-08T0000,3,15,0.3,17,5,53,103,17,
常州市,武进监测站,119.9351,31.703,2026-09-08T0000,3,23,0.4,19,7,63,121,23,
常州市,行政中心,119.9701,31.813,2026-09-08T0000,8,26,0.6,18,8,69,117,26,
常州市,经开区,120.0434,31.7726,2026-09-08T0000,3,24,0.5,20,10,52,113,24,
常州市,钟楼,119.8919,31.7892,2026-09-08T0000,3,28,0.6,17,10,70,122,28,
常州市,武进经发区,119.8595,31.706,2026-09-08T0000,9,24,0.4,22,7,52,126,24,
常州市,金坛城区,119.5812,31.7256,2026-09-08T0000,11,31,0.4,18,9,57,124,31,
常州市,崇义南街5-H号,119.9551,31.863,2026-09-08T0000,3,12,0.5,12,8,64,107,20,
朝阳市,西梁,120.4318,41.588,2026-09-08T0000,3,15,0.2,5,9,49,61,16,
朝阳市,河畔小区,120.452,41.565,2026-09-08T0000,3,15,0.6,7,15,49,67,16,
朝阳市,八里堡,120.4176,41.5648,2026-09-08T0000,9,17,0.6,12,18,40,63,17,
潮州市,市政府,116.6179,23.6608,2026-09-08T0000,19,30,0.5,10,5,70,115,30,
潮州市,金山,116.646,23.676,2026-09-08T0000,16,22,0.5,8,3,61,120,23,
郴州市,市职中,113.0116,25.8228,2026-09-08T0000,30,46,1.0,32,7,4,121,46,
郴州市,市审计局,113.0381,25.8074,2026-09-08T0000,30,58,/,16,6,29,122,56,颗粒物(PM10)
郴州市,市环保局,113.0348,25.7757,2026-09-08T0000,34,60,0.8,35,8,7,116,58,颗粒物(PM10)
郴州市,好美居路49号,113.0138,25.8011,2026-09-08T0000,29,39,/,30,8,5,117,42,
成都市,金泉两河,103.9727,30.7242,2026-09-08T0000,62,67,0.7,15,4,100,148,102,细颗粒物(PM2.5)
成都市,十里店,104.1423,30.6765,2026-09-08T0000,63,85,1.0,14,8,90,143,103,细颗粒物(PM2.5)
成都市,三瓦窑,104.0594,30.5765,2026-09-08T0000,47,65,0.7,16,9,99,167,74,细颗粒物(PM2.5)
成都市,沙河铺,104.1122,30.6306,2026-09-08T0000,58,75,0.7,22,9,88,141,96,细颗粒物(PM2.5)
成都市,大石西路,104.0219,30.6561,2026-09-08T0000,69,79,0.7,16,6,94,136,109,细颗粒物(PM2.5)
成都市,龙泉驿区区政府,104.2724,30.559,2026-09-08T0000,59,68,0.8,17,5,60,114,98,细颗粒物(PM2.5)
成都市,金博路,104.0028,30.6891,2026-09-08T0000,62,68,1.0,18,3,82,140,102,细颗粒物(PM2.5)
成都市,华阳,104.056,30.5228,2026-09-08T0000,42,56,0.8,13,4,91,138,64,细颗粒物(PM2.5)
成都市,青白江技师分院,104.387954,30.746684,2026-09-08T0000,52,80,0.9,34,6,37,103,84,细颗粒物(PM2.5)
成都市,科学城,104.0788,30.4054,2026-09-08T0000,41,60,1.1,18,8,77,134,62,细颗粒物(PM2.5)
成都市,光华大道三段,103.8505,30.6946,2026-09-08T0000,57,NA,0.9,12,5,71,139,94,细颗粒物(PM2.5)
成都市,八角井街185号,104.3257,30.6406,2026-09-08T0000,38,63,0.8,29,8,44,115,60,颗粒物(PM10)
成都市,鲸龙路1057号,104.2433276,30.53529463,2026-09-08T0000,50,64,1.1,22,11,70,126,80,细颗粒物(PM2.5)
承德市,铁路,117.9531,40.908,2026-09-08T0000,3,9,0.2,10,6,27,60,9,
承德市,中国银行,117.9397,40.9763,2026-09-08T0000,3,13,0.2,9,6,25,60,13,
承德市,杏林街1号,117.9462,40.95,2026-09-08T0000,3,9,0.3,7,5,19,56,9,
承德市,滨河大街98号,117.7994,40.9605,2026-09-08T0000,6,NA,0.1,8,6,9,53,9,
池州市,池州学院,117.4698,30.6617,2026-09-08T0000,25,47,0.8,20,5,68,143,47,
池州市,展览馆,117.4918,30.6617,2026-09-08T0000,31,61,0.8,18,4,48,148,58,颗粒物(PM10)
池州市,第八中学,117.5626,30.695,2026-09-08T0000,23,44,0.9,19,6,67,147,44,
池州市,第十二中学,117.5037,30.6242,2026-09-08T0000,28,51,1.1,31,3,41,159,51,颗粒物(PM10)
赤峰市,松山一中,118.9229,42.2816,2026-09-08T0000,9,NA,0.5,14,9,36,88,13,
赤峰市,哈达街,118.9588,42.2733,2026-09-08T0000,3,NA,0.5,12,9,40,84,13,
赤峰市,天义路,118.8792,42.2551,2026-09-08T0000,3,6,0.6,11,4,32,76,10,
赤峰市,银河街,119.2656,42.0356,2026-09-08T0000,3,17,0.6,18,7,31,70,17,
赤峰市,桥北物流园区,118.9359,42.3146,2026-09-08T0000,3,10,0.5,17,3,19,86,10,
崇左市,市环保局江州分局,107.3473,22.4137,2026-09-08T0000,19,40,0.5,26,6,19,98,40,
崇左市,石景林东路7号,107.375,22.3736,2026-09-08T0000,24,32,0.7,24,6,44,106,35,
滁州市,市政府原办公楼,118.31131,32.3033,2026-09-08T0000,35,NA,0.4,14,6,68,129,50,
滁州市,图书馆,118.3268,32.2633,2026-09-08T0000,27,33,0.4,24,7,60,120,39,
滁州市,银山路666号,118.3196,32.3335,2026-09-08T0000,30,52,0.4,29,3,20,124,52,颗粒物(PM10)
滁州市,黄山路555号,118.3426,32.2979,2026-09-08T0000,32,39,0.3,16,8,62,128,46,
楚雄彝族自治州,市经济开发区,101.5379,25.0492,2026-09-08T0000,20,NA,0.7,10,2,29,62,29,
楚雄彝族自治州,团结路562号,101.5536,25.0343,2026-09-08T0000,14,27,0.4,5,3,42,71,27,
达州市,市环境监测站,107.5087,31.2186,2026-09-08T0000,41,69,0.6,32,9,36,133,64,颗粒物(PM10)
达州市,凤凰小区,107.4988,31.2132,2026-09-08T0000,46,61,0.6,33,9,40,142,72,细颗粒物(PM2.5)
达州市,达县机关宾馆,107.5081,31.1987,2026-09-08T0000,44,63,0.5,42,9,45,140,68,细颗粒物(PM2.5)
达州市,市政中心,107.4644,31.2124,2026-09-08T0000,42,72,0.5,44,7,33,147,66,颗粒物(PM10)
大理白族自治州,大理市环境监测站,100.2168,25.5818,2026-09-08T0000,7,15,0.4,6,5,48,69,15,
大理白族自治州,大理古城,100.1542,25.7055,2026-09-08T0000,10,10,0.5,10,6,43,81,15,
大连市,甘井子,121.6119,38.974,2026-09-08T0000,14,32,0.6,9,6,48,116,32,
大连市,周水子,121.565,38.9509,2026-09-08T0000,12,28,0.3,5,9,54,116,28,
大连市,星海三站,121.5637,38.8849,2026-09-08T0000,15,27,0.5,6,5,54,109,27,
大连市,青泥洼桥,121.6301,38.9117,2026-09-08T0000,15,42,0.3,9,7,49,118,42,
大连市,傅家庄,121.6248,38.8643,2026-09-08T0000,11,32,0.7,11,9,44,103,32,
大连市,七贤岭,121.5117,38.8636,2026-09-08T0000,10,27,0.5,9,6,52,103,27,
大连市,金州,121.7507,39.1339,2026-09-08T0000,15,30,0.6,14,7,46,106,30,
大连市,开发区,121.7811,39.0495,2026-09-08T0000,15,20,0.6,14,5,45,107,22,
大连市,双D港,121.9762,39.0631,2026-09-08T0000,8,21,0.6,9,7,46,94,21,
大连市,旅顺,121.2548,38.8188,2026-09-08T0000,9,42,0.4,6,6,55,96,42,
大庆市,大同区,124.8085,46.0381,2026-09-08T0000,7,21,0.4,11,5,43,67,21,
大庆市,龙凤区,125.1166,46.5255,2026-09-08T0000,12,25,0.1,29,4,14,50,25,
大庆市,红岗区,124.8894,46.4007,2026-09-08T0000,7,28,0.3,5,7,28,51,28,
大庆市,萨尔图区,125.1391,46.578,2026-09-08T0000,6,26,0.5,20,6,24,47,26,
大庆市,让胡路区,124.9026,46.6217,2026-09-08T0000,10,31,0.1,13,4,22,48,31,
大庆市,萨区政府监测点,125.127,46.6277,2026-09-08T0000,3,20,0.4,18,6,25,54,20,
大同市,云冈宾馆,113.2926,40.0759,2026-09-08T0000,3,13,0.5,8,6,42,70,14,
大同市,大同大学,113.3437,40.0921,2026-09-08T0000,9,NA,0.3,11,5,40,64,13,
大同市,安家小村,113.2637,40.129,2026-09-08T0000,3,11,0.5,6,3,46,76,15,
大同市,大同市卫生学校,113.3399,40.0586,2026-09-08T0000,3,12,0.4,10,6,43,66,14,
大同市,云冈站,113.1371,40.1122,2026-09-08T0000,7,10,0.4,12,11,34,74,11,
大同市,图书馆,113.1186,40.2556,2026-09-08T0000,7,12,0.8,7,7,45,72,15,
大同市,区一中,113.5931,40.0459,2026-09-08T0000,7,NA,0.5,7,10,48,84,15,
大同市,魏都大道141号,113.2798248,40.09972476,2026-09-08T0000,3,12,0.3,8,6,39,67,13,
大兴安岭地区,科技局,124.1068,50.4091,2026-09-08T0000,6,23,0.3,2,5,25,47,23,
大兴安岭地区,红旗社区,124.117,50.4279,2026-09-08T0000,8,9,0.2,7,6,20,51,12,
丹东市,江湾东路,124.33,40.0625,2026-09-08T0000,3,19,0.7,15,5,27,93,19,
丹东市,临江后街,124.4242,40.1513,2026-09-08T0000,3,11,0.8,8,4,28,83,11,
丹东市,元宝山,124.3935,40.1461,2026-09-08T0000,3,14,0.7,8,6,22,80,14,
丹东市,民主桥,124.3634,40.1093,2026-09-08T0000,3,26,0.5,8,7,24,81,26,
儋州市,第一中学子站,109.5726195,19.51688767,2026-09-08T0000,11,18,0.5,5,4,52,80,18,
儋州市,东坡学校子站,109.5567,19.5187,2026-09-08T0000,10,17,0.4,4,4,53,78,17,
德宏傣族景颇族自治州,德宏州监测站,98.5611,24.4273,2026-09-08T0000,13,14,0.6,6,11,32,77,19,
德宏傣族景颇族自治州,芒市人民政府综合楼,98.5887,24.4366,2026-09-08T0000,23,47,0.8,8,9,31,69,47,
德阳市,东山公园,104.424,31.1209,2026-09-08T0000,88,90,1.1,36,28,43,95,126,细颗粒物(PM2.5)
德阳市,西小区,104.3827,31.1318,2026-09-08T0000,63,NA,1.0,14,26,62,103,103,细颗粒物(PM2.5)
德阳市,耐火材料厂,104.3553,31.1091,2026-09-08T0000,48,49,1.1,9,4,63,105,76,细颗粒物(PM2.5)
德阳市,市林业局,104.4144,31.1495,2026-09-08T0000,92,102,1.0,22,43,55,100,130,细颗粒物(PM2.5)
德州市,儿童乐园,116.3034,37.4675,2026-09-08T0000,7,29,0.4,6,17,95,155,30,
德州市,监理站,116.2992,37.4449,2026-09-08T0000,6,22,0.3,11,18,99,164,31,
德州市,九衢泉纯净水厂,116.2722,37.438,2026-09-08T0000,6,31,0.3,9,10,96,160,31,
德州市,开发区人民医院,116.3693,37.44,2026-09-08T0000,6,24,0.4,13,13,93,156,30,
德州市,陵城艺术中心,116.5687,37.3331,2026-09-08T0000,3,31,0.5,6,9,94,136,31,
德州市,新河东路,116.352738,37.420875,2026-09-08T0000,6,27,0.4,11,15,95,154,30,
迪庆藏族自治州,迪庆州站,99.7054,27.8319,2026-09-08T0000,12,16,0.3,8,8,46,65,18,
迪庆藏族自治州,质量技术监督局,99.7122,27.8129,2026-09-08T0000,8,14,0.3,7,6,50,62,16,
定西市,将台街,104.6092,35.5962,2026-09-08T0000,3,20,0.2,11,5,57,81,20,
定西市,正龙路62号,104.6159,35.5701,2026-09-08T0000,3,18,0.1,8,3,55,86,18,
定州市,交通局,114.9883,38.5232,2026-09-08T0000,12,38,0.5,6,1,62,144,38,
定州市,第五中学,115.0045,38.5136,2026-09-08T0000,22,49,0.3,6,6,58,140,49,
东莞市,东城石井,113.7943,23.0132,2026-09-08T0000,38,58,1.0,26,6,51,107,56,"颗粒物(PM10),细颗粒物(PM2.5)"
东莞市,南城西平,113.7384,22.9659,2026-09-08T0000,25,28,0.8,18,4,130,139,41,
东莞市,万江金泰,113.7283,23.041,2026-09-08T0000,33,59,0.8,22,5,140,142,57,颗粒物(PM10)
东莞市,裕兴路,113.8666,23.1062,2026-09-08T0000,56,81,0.6,27,4,138,126,92,细颗粒物(PM2.5)
东莞市,教育路1号,114.0076,22.9739,2026-09-08T0000,71,126,1.0,46,10,86,152,110,细颗粒物(PM2.5)
东莞市,长怡路1号,113.7981,22.8124,2026-09-08T0000,39,56,0.6,22,7,124,143,58,细颗粒物(PM2.5)
东营市,市环保局,118.6612,37.4313,2026-09-08T0000,11,27,0.4,1,3,70,124,27,
东营市,开发区管委会,118.6903,37.4337,2026-09-08T0000,9,38,0.6,3,3,71,127,38,
东营市,垦利区民丰路,118.5721,37.5654,2026-09-08T0000,7,24,0.7,5,1,67,120,24,
东营市,河口城区,118.5063,37.8606,2026-09-08T0000,10,39,0.6,8,6,60,126,39,
东营市,胜利站,118.4979,37.4623,2026-09-08T0000,7,35,0.2,3,1,64,124,35,
东营市,理想之城,118.5753,37.4405,2026-09-08T0000,8,27,0.8,3,3,65,122,27,
鄂尔多斯市,综合楼,110.0024,39.8127,2026-09-08T0000,3,6,0.3,6,2,58,75,19,
鄂尔多斯市,巴音孟克林场办事处,109.9485,39.8259,2026-09-08T0000,3,6,0.3,7,3,58,75,19,
鄂尔多斯市,康泽苑,109.7734,39.5987,2026-09-08T0000,6,NA,0.3,6,9,55,77,18,
鄂尔多斯市,华泰汽车城,109.8121,39.5987,2026-09-08T0000,10,NA,0.5,6,5,47,65,15,
鄂尔多斯市,奥林花园,109.9734,39.7884,2026-09-08T0000,7,9,0.4,5,3,55,75,18,
鄂州市,市政府,114.894,30.3989,2026-09-08T0000,26,72,0.6,25,6,76,174,66,颗粒物(PM10)
鄂州市,赵家坝,114.8986,30.3714,2026-09-08T0000,28,72,0.6,26,12,68,170,66,颗粒物(PM10)
鄂州市,精准医疗中心,114.8093,30.4091,2026-09-08T0000,27,46,0.6,54,4,41,175,46,
恩施土家族苗族自治州,湖北民院,109.4978,30.2979,2026-09-08T0000,41,62,0.3,9,7,71,142,62,细颗粒物(PM2.5)
恩施土家族苗族自治州,龙凤新区,109.5061,30.3771,2026-09-08T0000,20,45,0.4,6,6,77,133,45,
防城港市,沙万,108.3411,21.6159,2026-09-08T0000,25,29,0.7,17,6,75,110,36,
防城港市,防城档案局,108.3515,21.7733,2026-09-08T0000,33,36,0.7,6,4,45,123,48,
防城港市,大海花园,108.3506,21.6414,2026-09-08T0000,31,NA,0.8,6,6,110,142,45,
佛山市,湾梁,113.1293,23.0065,2026-09-08T0000,53,56,/,32,/,90,159,86,细颗粒物(PM2.5)
佛山市,华材职中,113.1082,23.0477,2026-09-08T0000,59,NA,0.7,25,9,103,155,98,细颗粒物(PM2.5)
佛山市,南海气象局,113.1439,23.045,2026-09-08T0000,55,62,/,29,/,94,143,90,细颗粒物(PM2.5)
佛山市,顺德苏岗,113.2879,22.8094,2026-09-08T0000,30,38,0.8,19,/,94,171,43,
佛山市,高明孔堂,112.8384,22.8678,2026-09-08T0000,35,52,/,11,/,100,157,52,颗粒物(PM10)
佛山市,三水监测站,112.8835,23.1584,2026-09-08T0000,38,56,0.5,69,6,12,118,56,细颗粒物(PM2.5)
佛山市,三水云东海,112.8668,23.185,2026-09-08T0000,26,39,/,19,/,22,104,39,
佛山市,容桂街道办,113.2568,22.7629,2026-09-08T0000,32,36,/,25,/,81,176,46,
福州市,师大,119.2681,26.0506,2026-09-08T0000,14,28,0.4,6,5,124,141,39,
福州市,五四北路,119.2983,26.1028,2026-09-08T0000,15,29,0.3,13,5,106,136,34,
福州市,杨桥西路,119.2648,26.0769,2026-09-08T0000,10,30,/,8,4,122,137,39,
福州市,九龙,119.5799,26.0937,2026-09-08T0000,11,30,0.7,6,5,105,146,33,
福州市,吴航,119.5188,25.9666,2026-09-08T0000,14,27,0.5,8,7,122,137,39,
福州市,路通桥巷6号,119.3106,26.0648,2026-09-08T0000,18,31,/,7,/,112,137,35,
抚顺市,望花区,123.7974,41.8494,2026-09-08T0000,13,17,0.5,7,6,40,46,19,
抚顺市,顺城区,123.9161,41.8827,2026-09-08T0000,13,15,0.7,6,8,46,47,19,
抚顺市,东洲区,124.0437,41.8615,2026-09-08T0000,9,16,0.5,12,8,48,55,16,
抚顺市,新抚区,123.9246,41.8638,2026-09-08T0000,13,NA,0.5,6,5,46,44,19,
抚顺市,大伙房水库,124.0972,41.8961,2026-09-08T0000,9,14,0.6,8,11,48,51,15,
抚顺市,沈抚新城,123.708,41.8386,2026-09-08T0000,15,17,0.6,13,7,34,47,22,
抚州市,市站,116.3544,27.9833,2026-09-08T0000,24,43,0.4,7,22,74,130,43,
抚州市,血防站,116.3562,27.9631,2026-09-08T0000,25,38,0.6,19,21,60,127,38,
抚州市,采茶剧团,116.3561,28.0007,2026-09-08T0000,23,36,0.6,17,13,65,135,36,
抚州市,医学分院,116.3854,27.9648,2026-09-08T0000,16,29,0.7,6,6,76,125,29,
阜新市,工业园区,121.6095,41.9978,2026-09-08T0000,13,16,0.5,9,5,42,61,19,
阜新市,长青街,121.6567,42.0188,2026-09-08T0000,14,NA,0.5,12,9,44,59,20,
阜新市,农业园区,121.6672,42.07,2026-09-08T0000,12,12,0.6,11,3,38,62,18,
阜新市,玉龙新城,121.6343,42.0455,2026-09-08T0000,12,19,0.5,12,6,37,62,19,
阜阳市,市监测站,115.8276,32.8929,2026-09-08T0000,40,54,0.8,35,8,64,160,60,细颗粒物(PM2.5)
阜阳市,开发区,115.8551,32.8606,2026-09-08T0000,35,60,0.5,34,6,73,152,58,颗粒物(PM10)
阜阳市,阜阳职业技术学院,115.783962,32.889217,2026-09-08T0000,28,40,0.4,8,4,126,165,40,
阜阳市,市规划展馆,115.79,32.8614,2026-09-08T0000,33,52,0.5,13,5,109,155,52,颗粒物(PM10)
阜阳市,枣园社区,115.835101,32.918568,2026-09-08T0000,32,56,0.5,33,5,80,158,55,颗粒物(PM10)
甘南藏族自治州,州政府,102.9097,34.9841,2026-09-08T0000,3,15,0.3,8,5,58,66,19,
甘南藏族自治州,甘肃民族师范学院,102.8915,34.9618,2026-09-08T0000,3,6,0.4,4,6,72,78,23,
甘孜藏族自治州,水桥子,101.96,30.048,2026-09-08T0000,6,NA,0.2,7,3,67,87,21,
甘孜藏族自治州,州环保局,101.9534,29.9976,2026-09-08T0000,11,17,0.2,12,2,59,80,19,
赣州市,地委,114.9368,25.8663,2026-09-08T0000,30,53,0.5,13,9,58,112,53,颗粒物(PM10)
赣州市,气象台,114.946,25.8483,2026-09-08T0000,29,49,0.4,15,18,67,113,49,
赣州市,市图书馆,114.932,25.8332,2026-09-08T0000,29,46,0.7,10,6,84,119,46,
赣州市,华坚鞋城,114.8905,25.8472,2026-09-08T0000,21,43,0.2,7,1,92,118,43,
赣州市,赣县区卫计委,115.0094,25.8614,2026-09-08T0000,17,46,0.7,27,2,20,124,46,
固原市,监测站,106.2753,36.0057,2026-09-08T0000,6,NA,0.2,5,6,52,72,17,
固原市,新区,106.2384,36.0189,2026-09-08T0000,3,NA,0.4,6,5,48,67,15,
广安市,市委,106.6307,30.4577,2026-09-08T0000,27,32,0.5,13,10,72,108,39,
广安市,友谊中学,106.6266,30.4662,2026-09-08T0000,26,NA,0.6,10,13,85,111,38,
广安市,广电花园,106.6386,30.4551,2026-09-08T0000,29,NA,0.6,12,11,72,115,42,
广安市,北辰小学,106.6347,30.4868,2026-09-08T0000,33,37,0.6,15,10,72,114,48,
广元市,老城,105.8211,32.4444,2026-09-08T0000,28,32,0.6,6,4,109,106,40,
广元市,监测站,105.8629,32.429,2026-09-08T0000,28,52,0.5,13,6,98,102,52,颗粒物(PM10)
广元市,经开区,105.8047,32.4167,2026-09-08T0000,26,40,0.4,11,6,109,108,40,
广州市,广雅中学,113.2346,23.1423,2026-09-08T0000,42,60,0.6,27,5,101,139,64,细颗粒物(PM2.5)
广州市,市五中,113.2611,23.105,2026-09-08T0000,49,64,/,38,6,99,163,78,细颗粒物(PM2.5)
广州市,广东商学院,113.3477,23.0916,2026-09-08T0000,45,62,0.8,71,6,69,129,70,细颗粒物(PM2.5)
广州市,市八十六中,113.4332,23.105,2026-09-08T0000,59,71,/,71,7,93,157,98,细颗粒物(PM2.5)
广州市,番禺中学,113.3506,22.9488,2026-09-08T0000,40,56,0.6,35,6,80,170,60,细颗粒物(PM2.5)
广州市,花都师范,113.2147,23.3918,2026-09-08T0000,37,60,0.8,52,6,27,111,58,颗粒物(PM10)
广州市,市监测站,113.2599,23.1329,2026-09-08T0000,40,61,/,27,2,107,150,60,细颗粒物(PM2.5)
广州市,九龙镇镇龙,113.5618,23.3119,2026-09-08T0000,28,39,0.5,20,8,18,86,40,
广州市,麓湖,113.2764,23.1544,2026-09-08T0000,41,56,0.8,69,5,30,122,62,细颗粒物(PM2.5)
广州市,体育西,113.3209,23.1323,2026-09-08T0000,41,63,0.9,34,6,118,136,62,细颗粒物(PM2.5)
广州市,从化街口,113.5718,23.5493,2026-09-08T0000,28,39,0.7,25,6,8,89,40,
广州市,白云竹料,113.3463,23.369,2026-09-08T0000,39,55,0.9,45,4,3,107,58,细颗粒物(PM2.5)
广州市,白云嘉禾,113.2981,23.2365,2026-09-08T0000,45,57,/,77,12,25,128,70,细颗粒物(PM2.5)
广州市,黄埔科学城,113.4256,23.1716,2026-09-08T0000,37,56,0.9,38,5,23,103,55,颗粒物(PM10)
广州市,番禺大学城,113.3942,23.0485,2026-09-08T0000,62,66,0.8,32,9,108,164,102,细颗粒物(PM2.5)
广州市,南沙黄阁,113.4923,22.8169,2026-09-08T0000,34,58,/,32,9,87,202,56,颗粒物(PM10)
广州市,南沙街,113.534,22.7893,2026-09-08T0000,34,44,0.8,24,7,84,209,49,
广州市,花都梯面,113.2905,23.5541,2026-09-08T0000,20,26,/,23,5,21,92,29,
广州市,从化良口,113.786,23.7479,2026-09-08T0000,18,23,/,8,6,35,81,26,
广州市,增城荔城,113.805,23.2614,2026-09-08T0000,15,27,0.7,14,8,29,78,27,
贵港市,江南子站,109.604387,23.066791,2026-09-08T0000,34,51,0.8,27,4,42,103,51,颗粒物(PM10)
贵港市,荷城子站,109.5669,23.1065,2026-09-08T0000,19,34,0.8,17,3,58,99,34,
贵港市,新世纪学校,109.5886,23.1172,2026-09-08T0000,23,31,0.7,25,/,40,103,33,
贵港市,中山路155-3号,109.5933,23.095,2026-09-08T0000,28,40,0.6,15,/,68,109,40,
贵阳市,马鞍山,106.6863,26.6035,2026-09-08T0000,9,12,/,8,2,30,88,13,
贵阳市,鉴湖路,106.6241,26.6266,2026-09-08T0000,14,34,0.7,8,7,54,91,34,
贵阳市,燕子冲,106.7468,26.6344,2026-09-08T0000,3,24,0.6,17,5,33,88,24,
贵阳市,碧云窝,106.6556,26.4362,2026-09-08T0000,19,39,/,9,6,25,79,39,
贵阳市,红边门,106.6963,26.6063,2026-09-08T0000,10,19,/,11,3,47,77,19,
贵阳市,新华路,106.7162383,26.56964667,2026-09-08T0000,11,31,0.7,13,5,35,81,31,
贵阳市,太慈桥,106.6742,26.542,2026-09-08T0000,11,22,/,19,3,12,86,22,
贵阳市,花果园大街66号,106.688212,26.56952,2026-09-08T0000,12,30,/,25,3,35,74,30,
贵阳市,漓江路57号,106.687268,26.516892,2026-09-08T0000,12,14,0.6,15,4,33,75,18,
桂林市,龙隐路小学,110.3091,25.2705,2026-09-08T0000,21,33,0.6,13,5,53,88,33,
桂林市,八中,110.2849361,25.22909545,2026-09-08T0000,24,43,0.7,22,21,37,88,43,
桂林市,旅游学院,110.296,25.1254,2026-09-08T0000,27,43,0.8,32,3,13,86,43,
桂林市,环湖路276号,110.1835,25.2444,2026-09-08T0000,32,44,0.9,46,7,13,114,46,
桂林市,信义路13号,110.2803,25.2773,2026-09-08T0000,23,33,0.7,16,6,58,100,33,
果洛藏族自治州,玛沁县大武镇,100.2262,34.4854,2026-09-08T0000,3,12,0.4,1,14,67,79,21,
哈尔滨市,松北商大,126.5557,45.8109,2026-09-08T0000,3,8,0.4,15,5,18,38,8,
哈尔滨市,南岗学府路,126.6162,45.719,2026-09-08T0000,3,22,0.4,16,5,29,44,22,
哈尔滨市,太平宏伟公园,126.6894,45.7733,2026-09-08T0000,7,12,0.3,11,7,27,41,12,
哈尔滨市,道外承德广场,126.6361,45.7672,2026-09-08T0000,3,25,0.6,9,3,31,43,25,
哈尔滨市,动力和平路,126.644,45.7261,2026-09-08T0000,3,13,0.4,12,8,30,44,13,
哈尔滨市,道里建国路,126.5933,45.7479,2026-09-08T0000,3,8,0.3,12,5,30,43,10,
哈尔滨市,平房东轻厂,126.6127,45.6119,2026-09-08T0000,9,NA,0.4,32,6,1,36,16,
哈尔滨市,呼兰师专,126.5875,45.9827,2026-09-08T0000,3,9,0.5,10,5,26,41,9,
哈尔滨市,省农科院,126.6299,45.6799,2026-09-08T0000,3,13,0.5,8,4,34,45,13,
哈尔滨市,华山路1号,126.6769,45.7379,2026-09-08T0000,3,12,0.2,9,6,32,41,12,
哈尔滨市,解放大街52号,126.9717,45.5356,2026-09-08T0000,3,17,0.4,20,6,21,37,17,
哈密市,地区监测站,93.5124,42.8176,2026-09-08T0000,6,7,0.1,10,3,65,88,21,
哈密市,哈密师范学校,93.5014,42.8312,2026-09-08T0000,19,NA,0.1,12,6,52,88,28,
海北藏族自治州,海晏县西海镇,100.9016,36.9464,2026-09-08T0000,7,12,0.7,3,8,91,110,29,
海东市,平安区公安局北苑,102.074,36.5056,2026-09-08T0000,8,20,0.5,6,6,57,84,20,
海东市,滨河路,102.0984,36.5119,2026-09-08T0000,6,NA,0.4,21,10,43,73,14,
海口市,海南大学,110.3189,20.0596,2026-09-08T0000,13,23,0.5,6,6,60,94,23,
海口市,秀英海南医院,110.2827,20.0051,2026-09-08T0000,18,24,0.4,36,6,22,93,26,
海口市,海南师范大学,110.3391,19.9979,2026-09-08T0000,15,23,0.6,6,3,51,96,23,
海口市,龙华路环保局宿舍,110.3303,20.0359,2026-09-08T0000,14,18,0.4,6,/,58,96,20,
海口市,桂林洋子站,110.5111,19.9737,2026-09-08T0000,14,25,/,6,/,53,91,25,
海口市,长滨二路9号,110.1952,20.0451,2026-09-08T0000,15,22,/,9,/,48,100,22,
海南藏族自治州,共和县恰卜恰镇,100.6158,36.2985,2026-09-08T0000,8,10,0.6,4,6,73,89,23,
海西蒙古族藏族自治州,德令哈市,97.373,37.376,2026-09-08T0000,11,23,0.5,3,11,98,117,31,
邯郸市,矿院,114.492,36.5712,2026-09-08T0000,36,53,0.6,11,6,122,210,53,颗粒物(PM10)
邯郸市,丛台公园,114.4839,36.6136,2026-09-08T0000,29,50,0.4,11,12,113,202,50,
邯郸市,香泉濮院小区,114.7893,36.5592,2026-09-08T0000,67,91,0.7,26,5,80,192,107,细颗粒物(PM2.5)
邯郸市,峰峰矿区临水派出所,114.1998,36.4439,2026-09-08T0000,41,55,0.6,10,6,135,181,62,细颗粒物(PM2.5)
邯郸市,建安街268号,114.5209,36.7697,2026-09-08T0000,37,56,0.5,18,2,108,187,55,颗粒物(PM10)
邯郸市,丛台东路558号,114.5488,36.6177,2026-09-08T0000,46,56,0.5,23,4,92,199,72,细颗粒物(PM2.5)
汉中市,市监测站,107.0155,33.0707,2026-09-08T0000,73,NA,0.8,16,6,51,132,112,细颗粒物(PM2.5)
汉中市,鑫源开发区,107.0083,33.114,2026-09-08T0000,66,74,0.8,26,7,58,147,106,细颗粒物(PM2.5)
汉中市,南郑大河坎水厂,107.0072,33.0323,2026-09-08T0000,67,80,0.8,16,3,41,123,107,细颗粒物(PM2.5)
杭州市,滨江,120.2073,30.2111,2026-09-08T0000,24,46,0.4,29,6,80,140,46,
杭州市,西溪,120.0625,30.2737,2026-09-08T0000,28,33,0.6,25,4,42,124,40,
杭州市,下沙,120.3417,30.315,2026-09-08T0000,14,26,0.6,31,6,72,133,26,
杭州市,卧龙桥,120.1252,30.2465,2026-09-08T0000,17,23,0.3,16,6,62,128,25,
杭州市,浙江农大,120.1902,30.2691,2026-09-08T0000,14,30,0.6,20,8,90,123,30,
杭州市,和睦小学,120.1195,30.3121,2026-09-08T0000,30,NA,0.6,29,7,59,128,43,
杭州市,临平镇,120.3076,30.4146,2026-09-08T0000,13,29,0.6,22,8,76,138,29,
杭州市,城厢镇,120.2753,30.1839,2026-09-08T0000,12,18,0.4,13,6,88,122,28,
杭州市,云栖,120.0883,30.1808,2026-09-08T0000,19,20,0.6,21,6,37,121,28,
杭州市,镇二中,119.9463,30.0496,2026-09-08T0000,14,23,0.5,32,6,51,116,23,
杭州市,市府大楼,119.7184,30.2367,2026-09-08T0000,13,21,0.6,15,7,58,113,21,
杭州市,消防大队,120.1554,30.2863,2026-09-08T0000,23,23,0.7,25,8,71,133,33,
合肥市,明珠广场,117.1957,31.7845,2026-09-08T0000,12,29,0.5,21,11,89,136,29,
合肥市,三里街,117.307,31.8765,2026-09-08T0000,16,27,0.6,28,13,79,123,27,
合肥市,琥珀山庄,117.2587,31.8703,2026-09-08T0000,16,27,0.5,20,6,84,130,27,
合肥市,庐阳区,117.2593,31.9376,2026-09-08T0000,NA,NA,NA,NA,NA,NA,134,NA,NA
合肥市,瑶海区,117.345251,31.861615,2026-09-08T0000,11,27,0.5,18,3,86,125,27,
合肥市,包河区,117.3033,31.7967,2026-09-08T0000,14,29,0.2,100,8,17,120,50,
合肥市,滨湖新区,117.278,31.7392,2026-09-08T0000,17,31,0.6,18,8,84,138,31,
合肥市,高新区,117.1324,31.8395,2026-09-08T0000,13,31,0.4,18,7,101,139,32,
合肥市,高教基地,117.3802,31.9148,2026-09-08T0000,16,29,0.5,16,8,73,131,29,
合肥市,中国科学技术大学,117.2518,31.8404,2026-09-08T0000,12,29,0.3,20,7,98,143,31,
和田地区,地区环保局,79.9241,37.0878,2026-09-08T0000,90,366,0.6,6,1,82,107,223,颗粒物(PM10)
和田地区,市环保局,79.9132,37.1137,2026-09-08T0000,73,262,0.4,2,3,87,109,156,颗粒物(PM10)
河池市,市环保站,108.0496,24.6957,2026-09-08T0000,20,23,0.8,20,6,10,83,29,
河池市,上任中路54号,108.0901,24.6945,2026-09-08T0000,22,40,0.9,17,6,9,68,40,
河源市,东埔,114.6962,23.7538,2026-09-08T0000,22,31,0.8,29,6,27,94,32,
河源市,老城,114.6895,23.7232,2026-09-08T0000,20,30,0.8,18,6,32,92,30,
菏泽市,定陶老年大学,115.5562,35.089,2026-09-08T0000,41,80,0.5,21,7,111,211,72,颗粒物(PM10)
菏泽市,黄河路600号,115.4239,35.2593,2026-09-08T0000,50,76,0.5,16,7,119,198,80,细颗粒物(PM2.5)
菏泽市,菏泽市人社局,115.5025,35.2727,2026-09-08T0000,47,62,0.5,16,5,113,202,74,细颗粒物(PM2.5)
菏泽市,永昌路1号,115.479691,35.244011,2026-09-08T0000,34,61,0.4,9,9,142,223,58,颗粒物(PM10)
菏泽市,长城路999号,115.471542,35.280012,2026-09-08T0000,49,75,0.7,19,7,117,205,78,细颗粒物(PM2.5)
贺州市,环保小区,111.5264,24.4178,2026-09-08T0000,26,45,0.5,14,10,20,90,45,
贺州市,政协大楼,111.561,24.4074,2026-09-08T0000,22,38,0.6,10,9,34,97,38,
贺州市,西湾,111.4744,24.455,2026-09-08T0000,20,54,0.5,13,11,28,79,53,颗粒物(PM10)
鹤壁市,市监测站,114.17,35.9019,2026-09-08T0000,55,81,0.7,9,1,118,189,90,细颗粒物(PM2.5)
鹤壁市,市交警支队,114.2953,35.7512,2026-09-08T0000,58,75,0.8,22,11,107,174,96,细颗粒物(PM2.5)
鹤壁市,迎宾馆,114.2877,35.7302,2026-09-08T0000,42,96,0.8,18,12,117,184,83,颗粒物(PM10)
鹤壁市,大新区,114.2616,35.6824,2026-09-08T0000,35,71,0.6,13,6,130,187,65,颗粒物(PM10)
鹤壁市,南山宾馆,114.1573,35.9607,2026-09-08T0000,61,95,0.9,16,7,114,185,101,细颗粒物(PM2.5)
鹤岗市,哈啤分公司,130.2537,47.3416,2026-09-08T0000,7,31,0.4,2,7,30,46,31,
鹤岗市,斯达机电,130.2683,47.3087,2026-09-08T0000,9,27,0.3,4,4,24,39,27,
鹤岗市,东山纸板厂,130.3114,47.3388,2026-09-08T0000,3,54,0.5,8,6,29,45,53,颗粒物(PM10)
黑河市,交通局,127.4832,50.2524,2026-09-08T0000,3,13,0.4,2,7,37,47,13,
黑河市,环保局,127.5146,50.2339,2026-09-08T0000,7,NA,0.4,4,8,38,42,12,
衡水市,电机北厂,115.6839,37.754,2026-09-08T0000,41,47,0.6,13,4,90,154,62,细颗粒物(PM2.5)
衡水市,市监测站,115.6303,37.7318,2026-09-08T0000,22,68,0.7,14,9,86,153,63,颗粒物(PM10)
衡水市,市城管局,115.6684,37.7216,2026-09-08T0000,27,84,0.5,19,3,81,150,75,颗粒物(PM10)
衡水市,地表水厂,115.599,37.5491,2026-09-08T0000,23,67,0.6,11,4,94,150,63,颗粒物(PM10)
衡阳市,衡阳化工总厂,112.6209,26.9268,2026-09-08T0000,42,NA,0.8,8,6,65,166,NA,NA
衡阳市,珠晖区环保局,112.621,26.8957,2026-09-08T0000,32,51,0.8,23,4,71,166,51,颗粒物(PM10)
衡阳市,市委党校,112.628,26.8654,2026-09-08T0000,43,47,1.0,22,11,81,178,66,细颗粒物(PM2.5)
衡阳市,市监测站,112.6007,26.8977,2026-09-08T0000,32,41,0.8,12,6,NA,181,NA,NA
衡阳市,真空机电公司,112.5658,26.9013,2026-09-08T0000,37,57,0.8,13,8,91,156,55,颗粒物(PM10)
衡阳市,师范学院,112.6703,26.8817,2026-09-08T0000,40,52,0.9,11,8,94,179,60,细颗粒物(PM2.5)
红河哈尼族彝族自治州,州图书馆,103.3757,23.3679,2026-09-08T0000,18,19,0.4,3,4,64,84,26,
红河哈尼族彝族自治州,蒙自市朝阳路,103.401,23.3561,2026-09-08T0000,10,15,0.2,4,4,57,82,18,
呼和浩特市,呼市一监,111.6506,40.7517,2026-09-08T0000,3,NA,0.3,11,4,37,59,12,
呼和浩特市,如意水处理厂,111.7516,40.8369,2026-09-08T0000,9,NA,0.3,12,6,51,67,16,
呼和浩特市,二十九中,111.727798,40.806187,2026-09-08T0000,8,9,0.6,7,10,53,71,17,
呼和浩特市,化肥厂生活区,111.717,40.7617,2026-09-08T0000,6,8,0.4,11,6,53,71,17,
呼和浩特市,海东办,111.6519,40.8389,2026-09-08T0000,10,NA,0.4,18,8,42,65,15,
呼和浩特市,成吉思汗西街8号,111.591512,40.827312,2026-09-08T0000,6,NA,0.3,12,4,46,55,15,
呼和浩特市,公园东路75号,111.6597,40.8077,2026-09-08T0000,3,6,0.3,14,6,39,59,13,
呼和浩特市,金海路35号,111.5427,40.7846,2026-09-08T0000,3,6,0.3,7,4,53,61,17,
呼伦贝尔市,国华电力东,119.7511,49.1576,2026-09-08T0000,9,28,0.2,7,4,37,52,28,
呼伦贝尔市,伊敏大街东7号,119.7569,49.2222,2026-09-08T0000,8,26,0.3,10,6,27,49,26,
湖州市,城西水厂,120.075,30.867,2026-09-08T0000,19,36,0.5,51,8,44,138,36,
湖州市,仁皇山新区,120.083,30.8929,2026-09-08T0000,10,17,0.4,12,6,78,148,25,
湖州市,吴兴区站,120.1846,30.8592,2026-09-08T0000,17,19,0.4,20,7,61,134,25,
湖州市,南浔区站,120.4146,30.8538,2026-09-08T0000,14,24,NA,18,9,65,149,NA,NA
葫芦岛市,龙港区,120.904878,40.721091,2026-09-08T0000,15,19,0.3,18,8,44,90,22,
葫芦岛市,化工街,120.8382,40.7521,2026-09-08T0000,12,22,0.3,6,3,50,64,22,
葫芦岛市,新区,120.8339,40.7078,2026-09-08T0000,10,20,0.5,8,6,53,68,20,
葫芦岛市,东城区,120.8697,40.7679,2026-09-08T0000,NA,22,0.5,9,6,53,72,NA,NA
怀化市,河西地税局,109.9297,27.5383,2026-09-08T0000,30,49,/,18,3,28,114,49,
怀化市,市四医院,109.9783,27.5342,2026-09-08T0000,51,69,0.6,27,7,35,118,82,细颗粒物(PM2.5)
怀化市,监测楼,109.9971,27.5579,2026-09-08T0000,42,54,0.6,24,2,29,103,64,细颗粒物(PM2.5)
淮安市,钵池山,119.0566,33.5991,2026-09-08T0000,12,14,0.4,16,5,62,124,20,
淮安市,北京南路,119.0083,33.578,2026-09-08T0000,11,14,0.5,19,6,68,127,22,
淮安市,市监测站,118.9938,33.6083,2026-09-08T0000,10,NA,0.5,18,8,69,126,22,
淮安市,楚州区监测站,119.135,33.5038,2026-09-08T0000,10,10,0.7,13,6,53,115,17,
淮安市,新华书店,118.8757,33.2897,2026-09-08T0000,16,26,0.9,46,9,40,129,26,
淮安市,枚皋中路89号,119.119691,33.550006,2026-09-08T0000,12,NA,0.5,16,5,NA,117,NA,NA
淮安市,承德北路606号,119.028838,33.631911,2026-09-08T0000,12,17,0.5,13,7,63,122,20,
淮北市,监测站,116.8005,33.9749,2026-09-08T0000,45,60,0.4,17,7,100,166,70,细颗粒物(PM2.5)
淮北市,烈山区政府,116.8094,33.9008,2026-09-08T0000,42,57,0.5,19,7,93,168,64,细颗粒物(PM2.5)
淮北市,市博物馆,116.7926,33.9534,2026-09-08T0000,46,67,0.7,20,8,94,177,72,细颗粒物(PM2.5)
淮北市,杜集区第一实验学校,116.8322,33.9884,2026-09-08T0000,44,52,0.8,14,6,93,168,68,细颗粒物(PM2.5)
淮南市,潘集区政府,116.8304,32.7726,2026-09-08T0000,39,62,0.4,19,7,84,148,59,颗粒物(PM10)
淮南市,谢家集区政府,116.8569,32.5949,2026-09-08T0000,37,45,0.4,33,10,78,157,54,细颗粒物(PM2.5)
淮南市,八公山区政府,116.8279,32.6333,2026-09-08T0000,34,49,0.2,15,7,93,160,49,
淮南市,经济技术开发区消防队,117.0561,32.6536,2026-09-08T0000,26,42,0.3,20,10,92,156,42,
淮南市,山南新区,117.011,32.5891,2026-09-08T0000,24,51,0.1,13,5,114,160,51,颗粒物(PM10)
淮南市,国庆中路369号,117.003137,32.644456,2026-09-08T0000,23,43,0.3,8,11,111,148,43,
黄冈市,职工中心,114.9021,30.474,2026-09-08T0000,25,42,0.5,16,14,91,181,42,
黄冈市,红卫路,114.8858,30.4519,2026-09-08T0000,22,63,0.4,21,12,88,185,60,颗粒物(PM10)
黄冈市,市林业局,114.9134,30.4446,2026-09-08T0000,28,78,0.3,16,15,85,173,70,颗粒物(PM10)
黄南藏族自治州,同仁县隆务镇,102.02,35.5101,2026-09-08T0000,10,18,0.3,2,10,89,91,28,
黄山市,延安路89号,118.2905,29.6965,2026-09-08T0000,13,24,0.4,5,4,42,119,24,
黄山市,黄山区政府5号楼,118.1369,30.2755,2026-09-08T0000,18,35,0.6,4,4,26,104,35,
黄山市,滨江东路7-2号,118.335445,29.720283,2026-09-08T0000,13,35,/,8,/,46,113,35,
黄石市,沈家营,115.0547,30.2332,2026-09-08T0000,20,43,0.7,46,13,34,157,43,
黄石市,铁山,114.899,30.211,2026-09-08T0000,16,31,0.4,12,7,96,153,31,
黄石市,团城山,115.0259,30.2108,2026-09-08T0000,18,47,0.5,11,8,109,149,47,
黄石市,笔架山北路,115.0174,30.1591,2026-09-08T0000,18,72,0.7,10,16,90,142,66,颗粒物(PM10)
黄石市,磁湖东路29号,115.078022,30.21118,2026-09-08T0000,19,51,0.3,22,9,103,149,51,颗粒物(PM10)
惠州市,河南岸金山湖子站,114.4181,23.0528,2026-09-08T0000,26,44,0.8,14,7,118,108,44,
惠州市,下埔横江三路子站,114.4055,23.0824,2026-09-08T0000,29,50,0.7,16,5,118,116,50,
惠州市,惠阳区承修路船湖子站,114.4645,22.7832,2026-09-08T0000,32,52,0.9,9,2,127,125,52,颗粒物(PM10)
惠州市,大亚湾管委会子站,114.5316,22.7423,2026-09-08T0000,17,27,0.8,8,7,120,109,38,
惠州市,惠阳秋长,114.4334,22.8134,2026-09-08T0000,33,NA,/,14,/,122,120,48,
惠州市,大亚湾霞涌,114.6521,22.7755,2026-09-08T0000,20,21,/,8,/,138,164,44,
惠州市,文华一路1号,114.4089,23.1147,2026-09-08T0000,25,41,/,14,/,116,110,41,
鸡西市,环保局,130.9618,45.2926,2026-09-08T0000,15,NA,0.7,6,3,28,42,NA,NA
鸡西市,第一中学,130.9294,45.2959,2026-09-08T0000,11,17,0.3,3,4,30,60,17,
鸡西市,欧美日汽修厂,131.0069,45.2988,2026-09-08T0000,15,NA,0.6,10,7,25,71,22,
吉安市,红声器材厂,114.9753,27.0803,2026-09-08T0000,34,46,0.4,19,9,39,139,49,
吉安市,市环境监测站,114.9903,27.1313,2026-09-08T0000,33,47,/,14,17,78,142,48,
吉安市,青原区法院,115.009527,27.096792,2026-09-08T0000,30,52,0.5,18,11,64,149,52,颗粒物(PM10)
吉林市,哈达湾,126.54,43.8622,2026-09-08T0000,21,24,0.5,9,4,26,64,30,
吉林市,东局子,126.5843,43.8358,2026-09-08T0000,21,28,0.6,14,6,25,64,30,
吉林市,电力学院,126.5051,43.8243,2026-09-08T0000,26,34,0.7,4,7,26,59,38,
吉林市,江北,126.6133,43.8971,2026-09-08T0000,20,28,0.7,14,5,13,53,29,
吉林市,江南公园,126.5549,43.8304,2026-09-08T0000,18,19,0.4,6,3,22,63,26,
吉林市,九站,126.4737,43.953,2026-09-08T0000,30,NA,0.7,9,8,21,57,43,
济南市,科干所,116.9866,36.6118,2026-09-08T0000,15,22,0.2,13,8,97,167,31,
济南市,农科所,116.9379,36.6652,2026-09-08T0000,16,34,0.2,18,7,94,170,34,
济南市,开发区,117.1265,36.6736,2026-09-08T0000,12,32,0.4,16,9,101,171,32,
济南市,省种子仓库,117.0616,36.6865,2026-09-08T0000,14,31,0.2,19,12,NA,156,NA,NA
济南市,机床二厂,116.9495185,36.644937,2026-09-08T0000,12,37,0.2,18,9,91,165,37,
济南市,市监测站,117.0496,36.6629,2026-09-08T0000,13,34,0.6,14,7,91,159,34,
济南市,长清党校,116.7674,36.5458,2026-09-08T0000,12,32,0.2,14,6,96,164,32,
济南市,东山小学,117.5323,36.6865,2026-09-08T0000,17,32,0.4,24,9,77,178,32,
济南市,泰兴公司,117.7181,36.205,2026-09-08T0000,22,36,0.4,24,6,96,186,36,
济南市,莱芜战役纪念馆,117.6861,36.2172,2026-09-08T0000,12,39,0.7,16,7,102,186,39,
济南市,济阳区政府,117.1673,36.9782,2026-09-08T0000,17,34,0.3,10,9,83,142,34,
济南市,锦屏中学,117.1168,36.6299,2026-09-08T0000,20,37,0.5,15,8,100,181,37,
济南市,山财大街5号,117.7107,36.2385,2026-09-08T0000,12,29,0.4,17,3,94,176,30,
济南市,无影山路12号,116.9744,36.6889,2026-09-08T0000,13,27,0.5,18,8,87,164,28,
济宁市,火炬城,116.6229,35.4288,2026-09-08T0000,NA,NA,NA,NA,NA,NA,206,NA,NA
济宁市,北湖一中,116.5808,35.3703,2026-09-08T0000,26,54,0.5,14,4,128,215,53,颗粒物(PM10)
济宁市,服务中心,116.8251,35.5592,2026-09-08T0000,28,59,0.7,17,6,114,193,57,颗粒物(PM10)
济宁市,市第七中学,116.5907,35.4054,2026-09-08T0000,26,55,0.6,18,6,115,202,54,颗粒物(PM10)
济宁市,任和路,116.6075,35.4566,2026-09-08T0000,30,56,0.6,23,4,94,207,55,颗粒物(PM10)
济宁市,文体南路1号,116.5648,35.3921,2026-09-08T0000,25,52,0.6,17,5,111,200,52,颗粒物(PM10)
济源市,市委党校,112.6071,35.1015,2026-09-08T0000,46,88,0.8,20,6,93,186,78,颗粒物(PM10)
济源市,沁园中路1号,112.596,35.0702,2026-09-08T0000,54,89,1.3,NA,5,89,186,NA,NA
佳木斯市,佳纺,130.2749,46.8028,2026-09-08T0000,7,22,0.4,2,1,27,30,22,
佳木斯市,环保局,130.3258,46.7975,2026-09-08T0000,16,20,0.4,6,3,24,39,23,
佳木斯市,顺和街,130.363,46.806,2026-09-08T0000,12,20,0.4,6,3,31,40,20,
佳木斯市,长安路196号,130.3952,46.8268,2026-09-08T0000,10,17,0.4,3,2,32,38,17,
嘉兴市,清河小学,120.7439,30.778,2026-09-08T0000,NA,NA,NA,NA,NA,NA,NA,NA,NA
嘉兴市,嘉兴学院,120.7261,30.7477,2026-09-08T0000,13,22,0.5,14,5,75,153,24,
嘉兴市,南湖区残联,120.7845,30.7524,2026-09-08T0000,14,27,0.5,14,6,69,154,27,
嘉兴市,秀洲住建,120.6915,30.7741,2026-09-08T0000,8,22,0.2,14,6,70,152,22,
嘉峪关市,气象局,98.291,39.7705,2026-09-08T0000,3,7,0.4,3,9,71,76,23,
嘉峪关市,酒钢宾馆,98.2672,39.7978,2026-09-08T0000,3,22,0.8,9,8,65,72,22,
嘉峪关市,雄关区,98.2644,39.7723,2026-09-08T0000,3,22,0.3,6,3,70,76,22,
江门市,北街,113.1063,22.6058,2026-09-08T0000,21,32,/,12,/,85,181,32,
江门市,西区,113.073,22.5835,2026-09-08T0000,26,34,/,20,/,86,168,38,
江门市,圭峰西,113.0218,22.531,2026-09-08T0000,25,46,/,11,/,82,145,46,
江门市,江海富民,113.1077,22.5647,2026-09-08T0000,27,59,0.4,14,/,94,178,57,颗粒物(PM10)
江门市,新会银湖,113.0496,22.4669,2026-09-08T0000,22,26,0.7,14,2,77,148,32,
江门市,五邑大学,113.0794,22.5999,2026-09-08T0000,23,38,0.6,18,6,84,160,38,
焦作市,马村街道办,113.3137,35.2643,2026-09-08T0000,44,53,1.0,13,4,140,191,68,细颗粒物(PM2.5)
焦作市,焦作技师学院,113.2464,35.2374,2026-09-08T0000,38,73,0.5,7,6,151,187,67,颗粒物(PM10)
焦作市,中站许衡医院,113.1656,35.2536,2026-09-08T0000,34,94,0.5,8,8,160,179,82,颗粒物(PM10)
焦作市,原李万街道办,113.2456,35.18,2026-09-08T0000,39,78,0.6,14,20,132,189,70,颗粒物(PM10)
焦作市,新安路1731号,113.234,35.219,2026-09-08T0000,41,68,0.4,10,3,151,194,63,颗粒物(PM10)
焦作市,人民路3066号,113.2722,35.2121,2026-09-08T0000,44,84,0.5,10,5,141,196,75,颗粒物(PM10)
揭阳市,新兴,116.3701,23.5345,2026-09-08T0000,14,32,0.9,11,8,60,101,32,
揭阳市,西马,116.3261,23.5442,2026-09-08T0000,15,33,0.7,13,11,54,106,33,
揭阳市,东兴,116.361,23.5627,2026-09-08T0000,16,19,/,11,7,59,107,23,
揭阳市,渔湖,116.4151,23.5295,2026-09-08T0000,14,28,/,10,4,57,102,28,
揭阳市,曲溪,116.4028,23.5699,2026-09-08T0000,22,28,0.8,17,7,44,113,32,
金昌市,天庆家园,102.1691,38.5166,2026-09-08T0000,3,6,0.3,6,4,70,72,22,
金昌市,金川区人防中心,102.1648,38.5369,2026-09-08T0000,3,NA,0.2,4,2,79,80,25,
金昌市,长春路96号,102.193042,38.531887,2026-09-08T0000,7,NA,0.2,2,3,85,88,27,
金华市,十五中,119.6478,29.0773,2026-09-08T0000,22,47,0.5,26,4,82,143,47,
金华市,监测站,119.6859,29.1032,2026-09-08T0000,22,52,0.6,28,2,55,137,52,颗粒物(PM10)
金华市,气象局,119.656,29.1132,2026-09-08T0000,27,46,0.6,25,5,78,136,46,
锦州市,南山,121.1114,41.0879,2026-09-08T0000,15,15,0.4,13,8,50,65,22,
锦州市,开发区,121.060361,40.842794,2026-09-08T0000,16,25,0.4,18,6,48,66,25,
锦州市,百股街道,121.1836,41.1118,2026-09-08T0000,16,16,0.5,12,10,52,71,23,
锦州市,天安街道,121.1176,41.1224,2026-09-08T0000,14,15,0.4,14,9,46,61,20,
锦州市,北湖公园,121.1303,41.1385,2026-09-08T0000,14,17,0.4,10,6,50,65,20,
晋城市,自来水公司,112.8496,35.5051,2026-09-08T0000,34,76,0.6,15,6,179,174,74,臭氧1小时(O3_1h)
晋城市,市环保局,112.8509,35.4886,2026-09-08T0000,28,85,0.7,21,7,134,161,75,颗粒物(PM10)
晋城市,泽州一中,112.8258,35.4804,2026-09-08T0000,36,73,0.6,18,6,128,180,67,颗粒物(PM10)
晋城市,前书院路,112.8246,35.5152,2026-09-08T0000,27,85,0.6,23,6,89,171,75,颗粒物(PM10)
晋城市,祥云街666号,112.8864,35.4773,2026-09-08T0000,44,59,0.6,10,6,189,168,87,臭氧1小时(O3_1h)
晋中市,榆次区政府,112.6992,37.6984,2026-09-08T0000,11,12,0.5,10,8,78,120,25,
晋中市,榆次三中,112.7195,37.683,2026-09-08T0000,8,NA,0.7,10,7,82,120,26,
晋中市,广安街188号,112.7375,37.7215,2026-09-08T0000,6,7,0.3,7,7,86,118,27,
晋中市,迎宾街26号,112.7478,37.6954,2026-09-08T0000,12,NA,0.2,11,8,81,124,26,
荆门市,竹园小学,112.2012,31.048,2026-09-08T0000,71,93,0.8,31,7,65,180,110,细颗粒物(PM2.5)
荆门市,掇刀,112.1968,30.9892,2026-09-08T0000,92,113,0.9,17,14,91,172,130,细颗粒物(PM2.5)
荆门市,西山林语,112.1849,31.0361,2026-09-08T0000,68,85,1.2,24,10,71,178,108,细颗粒物(PM2.5)
荆门市,龙泉中学南校,112.1631,31.0134,2026-09-08T0000,90,106,1.2,21,9,92,168,128,细颗粒物(PM2.5)
荆门市,新台西路6号,112.2213,31.0654,2026-09-08T0000,42,63,0.9,23,12,71,182,64,细颗粒物(PM2.5)
荆州市,市图书馆,112.2493,30.3198,2026-09-08T0000,42,53,0.7,20,10,99,180,64,细颗粒物(PM2.5)
荆州市,市委党校,112.2009,30.3543,2026-09-08T0000,40,59,0.9,29,12,78,174,60,细颗粒物(PM2.5)
荆州市,管委会,112.2749,30.3124,2026-09-08T0000,44,51,0.6,54,12,38,170,68,细颗粒物(PM2.5)
荆州市,学苑路85号,112.1722,30.3366,2026-09-08T0000,41,53,0.6,24,7,101,189,62,细颗粒物(PM2.5)
景德镇市,老干部活动中心,117.2114,29.2931,2026-09-08T0000,19,NA,0.9,8,3,66,122,28,
景德镇市,兽医站,117.1893,29.2789,2026-09-08T0000,16,45,0.8,10,3,59,124,45,
景德镇市,陶研所,117.246,29.2958,2026-09-08T0000,19,21,0.8,9,4,36,116,28,
景德镇市,青少年活动中心,117.154766,29.256967,2026-09-08T0000,16,30,/,10,5,63,126,30,
九江市,十里,115.9873,29.6816,2026-09-08T0000,26,46,0.9,21,6,114,148,46,
九江市,茅山头,115.9583,29.7047,2026-09-08T0000,27,41,0.7,14,4,128,143,41,
九江市,西园,115.9877,29.7295,2026-09-08T0000,24,45,0.5,21,7,126,149,45,
九江市,综合工业园,115.9112,29.6038,2026-09-08T0000,21,41,0.8,46,6,119,152,41,
九江市,外国语学校,116.0254,29.6995,2026-09-08T0000,20,42,0.4,17,9,138,153,44,
九江市,莲花大道8号,116.010205,29.659402,2026-09-08T0000,20,43,0.6,9,9,119,127,43,
酒泉市,玉门东路5号,98.495752,39.733935,2026-09-08T0000,10,24,0.0,3,6,69,75,24,
酒泉市,北大街108号,98.5099,39.7506,2026-09-08T0000,9,36,0.1,2,4,70,75,36,
喀什地区,巡警大队,76.0071,39.466,2026-09-08T0000,51,NA,0.4,9,3,94,93,82,细颗粒物(PM2.5)
喀什地区,吾办,75.9756,39.4693,2026-09-08T0000,22,62,0.3,6,6,84,88,59,颗粒物(PM10)
喀什地区,老干局,75.9485,39.4688,2026-09-08T0000,3,40,0.2,6,4,87,84,40,
开封市,肿瘤医院,114.3389,34.778,2026-09-08T0000,71,89,0.8,26,6,70,197,110,细颗粒物(PM2.5)
开封市,世纪星幼儿园,114.2884,34.7966,2026-09-08T0000,59,78,0.5,45,4,53,188,98,细颗粒物(PM2.5)
开封市,龙亭公园,114.3434,34.8101,2026-09-08T0000,58,121,0.8,30,4,71,210,101,颗粒物(PM10)
开封市,汴京公园,114.3645,34.7955,2026-09-08T0000,71,140,0.6,42,7,61,211,110,细颗粒物(PM2.5)
开封市,技师学院,114.2485,34.8306,2026-09-08T0000,69,104,0.9,31,5,74,201,109,细颗粒物(PM2.5)
开封市,祥符区生态环境局,114.4518,34.7503,2026-09-08T0000,71,112,0.7,51,3,44,196,110,细颗粒物(PM2.5)
克拉玛依市,长征新村,84.886,45.6029,2026-09-08T0000,3,18,0.5,8,3,82,106,26,
克拉玛依市,南林小区,84.8894,45.5827,2026-09-08T0000,3,25,0.4,10,6,75,104,25,
克拉玛依市,独山子区,84.896,44.3328,2026-09-08T0000,15,60,0.3,12,4,74,119,58,颗粒物(PM10)
克拉玛依市,乌尔禾区商贸楼,85.6888,46.0909,2026-09-08T0000,25,43,0.6,28,6,32,104,43,
克拉玛依市,白碱滩区新站,85.1045,45.6895,2026-09-08T0000,3,22,0.3,6,5,94,107,30,
克孜勒苏柯尔克孜自治州,市人民政府,76.1457,39.7143,2026-09-08T0000,12,42,0,13,7,101,108,42,
克孜勒苏柯尔克孜自治州,克州文化中心,76.1654,39.7157,2026-09-08T0000,16,27,0.1,6,5,104,109,33,
昆明市,呈贡新区,102.8203,24.889,2026-09-08T0000,18,22,0.4,10,2,80,105,26,
昆明市,龙泉镇,102.7253,25.0904,2026-09-08T0000,22,38,0.4,19,8,62,112,38,
昆明市,东风东路,102.7267,25.0378,2026-09-08T0000,17,29,0.4,22,6,56,111,29,
昆明市,金鼎山,102.6744,25.0671,2026-09-08T0000,18,32,0.3,17,6,65,113,32,
昆明市,碧鸡广场,102.6643,25.0401,2026-09-08T0000,22,39,0.5,18,8,64,104,39,
昆明市,官渡区博物馆,102.7491,25.012,2026-09-08T0000,15,31,0.6,23,7,53,108,31,
昆明市,青年创业园,102.8016,24.8336,2026-09-08T0000,16,23,0.6,9,5,86,104,27,
昆明市,昆明学院,102.8,24.9787,2026-09-08T0000,14,31,0.6,13,11,61,102,31,
昆明市,晋宁区生态环境分局,102.5969,24.6738,2026-09-08T0000,27,NA,0.4,8,6,92,106,39,
昆明市,云天化总部,102.6673,24.9861,2026-09-08T0000,14,26,0.6,6,5,83,107,26,
拉萨市,八廓街,91.132,29.6515,2026-09-08T0000,11,19,0.4,29,8,29,79,19,
拉萨市,市环保局,91.1221,29.6748,2026-09-08T0000,3,17,0.3,17,8,34,77,17,
拉萨市,区监测站,91.0874,29.6476,2026-09-08T0000,9,17,0.4,43,7,24,80,22,
拉萨市,西藏大学,91.1774,29.6541,2026-09-08T0000,7,16,0.6,25,7,37,82,16,
拉萨市,区辐射站,90.9798,29.6586,2026-09-08T0000,9,16,0.2,16,7,38,73,16,
拉萨市,拉萨火车站,91.0831,29.6292,2026-09-08T0000,7,14,0.4,26,7,40,76,14,
来宾市,来宾技工学校,109.2203,23.7252,2026-09-08T0000,16,29,0.9,24,8,18,90,29,
来宾市,兴宾区政府,109.1781,23.7293,2026-09-08T0000,15,26,0.8,14,6,28,99,26,
来宾市,中南小学,109.2312,23.7428,2026-09-08T0000,15,42,0.7,34,7,11,85,42,
兰州市,铁路设计院,103.8309,36.0467,2026-09-08T0000,11,24,0.5,6,2,72,75,24,
兰州市,百合公园,103.7439,36.0841,2026-09-08T0000,3,16,0.4,6,3,76,68,24,
兰州市,和平,103.9613,35.9985,2026-09-08T0000,9,NA,0.7,4,14,59,76,19,
兰州市,庄浪东路808号,103.629272,36.093822,2026-09-08T0000,3,18,0.2,2,9,79,71,25,
兰州市,安宁西路88号,103.7251,36.104344,2026-09-08T0000,3,19,0.3,2,9,84,79,27,
兰州市,北滨河东路1号,103.846982,36.067567,2026-09-08T0000,3,21,0.5,10,4,64,68,21,
廊坊市,药材公司,116.6712,39.5109,2026-09-08T0000,3,16,0.3,3,1,45,152,16,
廊坊市,开发区,116.7215,39.5592,2026-09-08T0000,6,NA,0.3,2,3,49,150,16,
廊坊市,北华航天学院,116.7246,39.5273,2026-09-08T0000,3,10,0.3,2,3,45,150,15,
廊坊市,河北工业大学,116.7022,39.5454,2026-09-08T0000,6,NA,0.2,7,3,43,153,14,
乐山市,牛耳桥,103.7629,29.5844,2026-09-08T0000,42,50,0.7,11,6,70,130,64,细颗粒物(PM2.5)
乐山市,市第三水厂,103.7501,29.6002,2026-09-08T0000,44,51,1.0,11,4,74,125,68,细颗粒物(PM2.5)
乐山市,市监测站,103.7571,29.5664,2026-09-08T0000,43,47,1.1,9,3,76,129,66,细颗粒物(PM2.5)
乐山市,理工大学,103.7313,29.563,2026-09-08T0000,46,NA,0.7,9,4,75,122,72,细颗粒物(PM2.5)
丽江市,丽江古城,100.2497,26.8802,2026-09-08T0000,10,21,0.7,13,4,43,84,21,
丽江市,市中心,100.2203,26.8906,2026-09-08T0000,21,32,0.6,6,8,35,77,32,
丽水市,监测站大楼,119.9141,28.4513,2026-09-08T0000,32,39,0.6,25,6,44,121,46,
丽水市,莲都小学,119.93,28.4589,2026-09-08T0000,18,30,/,13,/,70,130,30,
丽水市,余庄前,119.8794,28.4232,2026-09-08T0000,30,43,0.5,13,5,16,129,43,
连云港市,市环境监测站,119.1759,34.5885,2026-09-08T0000,3,9,0.4,8,6,74,138,24,
连云港市,德源药业,119.3577,34.6971,2026-09-08T0000,9,56,0.3,56,6,16,118,55,颗粒物(PM10)
连云港市,新城一中,119.178,34.8442,2026-09-08T0000,10,27,0.4,37,9,37,127,27,
连云港市,胡沟管理处,119.3607,34.7519,2026-09-08T0000,3,14,0.5,20,10,84,118,27,
连云港市,矿山设计院,119.1478,34.5913,2026-09-08T0000,3,7,0.3,6,3,69,135,22,
连云港市,工贸学校,119.2414,34.6539,2026-09-08T0000,17,24,0.7,7,8,99,139,31,
连云港市,连云街道,119.4171,34.734,2026-09-08T0000,12,25,0.6,14,9,94,128,30,
凉山彝族自治州,西昌市政府,102.2629,27.8981,2026-09-08T0000,25,31,0.6,5,8,69,104,36,
凉山彝族自治州,凉山州政府,102.2686,27.885,2026-09-08T0000,28,32,0.7,6,5,67,104,40,
凉山彝族自治州,凯乐南路30号,102.2342,27.8859,2026-09-08T0000,34,37,0.8,21,10,52,98,49,
辽阳市,宏伟区,123.1978,41.2036,2026-09-08T0000,13,17,0.5,10,6,35,62,19,
辽阳市,新华园,123.1684,41.2497,2026-09-08T0000,14,20,0.6,16,8,32,52,20,
辽阳市,滨河路,123.2355,41.2663,2026-09-08T0000,15,16,0.6,13,8,32,54,22,
辽阳市,铁西路150号,123.153,41.2874,2026-09-08T0000,17,18,0.8,14,9,33,54,25,
辽源市,环保局,125.1359,42.8845,2026-09-08T0000,16,26,0.7,10,4,26,57,26,
辽源市,安宁大街333号,125.0998,42.9134,2026-09-08T0000,18,24,0.6,9,4,22,54,26,
聊城市,区政府,115.9789,36.4372,2026-09-08T0000,16,41,0.5,16,11,95,193,41,
聊城市,监控中心,115.9772,36.4986,2026-09-08T0000,17,35,0.4,20,8,75,186,35,
聊城市,九州社区,116.0443,36.436,2026-09-08T0000,12,45,0.5,13,13,104,191,45,
聊城市,星美广场,116.0564,36.4609,2026-09-08T0000,13,44,0.5,8,8,100,192,44,
聊城市,利民路,116.0091,36.4495,2026-09-08T0000,15,46,0.5,17,13,101,202,46,
林芝市,林芝监测站,94.3683,29.6373,2026-09-08T0000,3,6,0.5,4,3,21,36,7,
林芝市,林芝人民医院,94.3616,29.6634,2026-09-08T0000,7,NA,0.5,4,4,23,40,10,
临沧市,市环保局,100.0779,23.8981,2026-09-08T0000,11,NA,0.6,12,6,25,67,NA,NA
临沧市,市气象局,100.0894,23.882,2026-09-08T0000,3,19,0.6,7,10,26,69,19,
临汾市,临钢医院,111.5552,36.0791,2026-09-08T0000,41,84,1.1,17,6,93,177,75,颗粒物(PM10)
临汾市,技工学校,111.4984,36.0734,2026-09-08T0000,44,73,1.2,16,5,94,170,68,细颗粒物(PM2.5)
临汾市,市委,111.5017,36.0857,2026-09-08T0000,44,78,1.0,14,5,98,176,70,颗粒物(PM10)
临汾市,唐尧大酒店,111.5048,36.1015,2026-09-08T0000,48,93,1.2,13,6,93,165,81,颗粒物(PM10)
临汾市,启星学校,111.4879,36.053,2026-09-08T0000,51,71,1.1,14,6,92,166,82,细颗粒物(PM2.5)
临夏回族自治州,滨河东路1号,103.2464,35.6123,2026-09-08T0000,3,12,0.3,5,5,58,88,19,
临夏回族自治州,新华街21号,103.207136,35.599807,2026-09-08T0000,3,16,0.2,3,8,52,81,17,
临沂市,沂河小区,118.3429,35.0532,2026-09-08T0000,26,44,0.4,21,9,76,190,44,
临沂市,鲁南制药厂,118.2962,35.0568,2026-09-08T0000,20,31,0.7,15,11,101,199,32,
临沂市,新光毛纺厂,118.2793,34.9976,2026-09-08T0000,15,22,0.5,19,16,96,194,30,
临沂市,河东保险公司,118.3955,35.0889,2026-09-08T0000,28,36,0.7,24,9,78,206,40,
临沂市,十里堡居委,118.3563,35.0215,2026-09-08T0000,22,29,0.7,21,12,82,195,32,
临沂市,南坊新区,118.359,35.1067,2026-09-08T0000,30,36,0.6,24,10,86,205,43,
临沂市,皇山花园小区,118.3915,35.0297,2026-09-08T0000,36,36,0.7,33,10,68,194,52,细颗粒物(PM2.5)
柳州市,柳东小学,109.4854,24.3898,2026-09-08T0000,28,44,0.9,28,6,28,113,44,
柳州市,环保监测站,109.4109,24.3304,2026-09-08T0000,35,35,1.2,24,5,39,116,50,
柳州市,河西水厂,109.3886,24.3408,2026-09-08T0000,27,98,1.0,47,12,16,116,85,颗粒物(PM10)
柳州市,市四中,109.4263,24.2951,2026-09-08T0000,34,53,1.0,27,6,27,117,53,颗粒物(PM10)
柳州市,市九中,109.396,24.3658,2026-09-08T0000,37,57,0.8,19,7,50,123,55,颗粒物(PM10)
柳州市,古亭山,109.4912,24.3164,2026-09-08T0000,25,29,0.7,33,4,26,106,36,
柳州市,市二中,109.5422,24.3994,2026-09-08T0000,22,34,0.7,29,8,24,120,34,
六安市,监测大楼,116.5078,31.7369,2026-09-08T0000,28,29,0.5,8,4,108,132,40,
六安市,皖西学院,116.4738,31.7642,2026-09-08T0000,26,40,0.7,11,8,102,145,40,
六安市,朝阳厂,116.4997,31.7904,2026-09-08T0000,28,31,0.4,18,2,81,124,40,
六安市,开发区,116.5566,31.7885,2026-09-08T0000,34,55,0.3,20,7,92,143,54,颗粒物(PM10)
六盘水市,黄土坡,104.8293,26.592,2026-09-08T0000,15,NA,0.4,9,2,65,90,22,
六盘水市,民中,104.8481,26.5898,2026-09-08T0000,8,11,0.4,5,1,83,88,26,
六盘水市,双水,104.9541,26.5506,2026-09-08T0000,8,9,0.2,5,5,74,84,24,
六盘水市,钟山大道中段564号,104.8899,26.5685,2026-09-08T0000,6,16,0.6,6,3,71,84,23,
龙岩市,龙岩市监测站,117.022,25.1031,2026-09-08T0000,19,28,0.2,13,7,51,101,28,
龙岩市,闽西职业技术学院,117.0257,25.0662,2026-09-08T0000,18,31,0.3,10,5,35,97,31,
龙岩市,龙岩学院,117.0195,25.0306,2026-09-08T0000,16,25,/,6,2,44,91,25,
陇南市,滨江中学,104.9344,33.3827,2026-09-08T0000,6,25,0.7,11,8,48,104,25,
陇南市,市总工会,104.9551,33.3709,2026-09-08T0000,3,27,0.6,7,8,49,105,27,
娄底市,市监测站,111.9984,27.7346,2026-09-08T0000,61,67,0.8,53,5,27,146,101,细颗粒物(PM2.5)
娄底市,市政府,111.9888,27.7035,2026-09-08T0000,44,50,0.8,15,11,37,160,68,细颗粒物(PM2.5)
娄底市,涟钢职大,111.9812,27.7591,2026-09-08T0000,49,59,0.7,25,3,43,152,78,细颗粒物(PM2.5)
娄底市,娄底体校,112.0303,27.7457,2026-09-08T0000,52,66,0.5,11,1,35,150,84,细颗粒物(PM2.5)
泸州市,小市上码头,105.4427,28.9063,2026-09-08T0000,118,178,0.8,14,6,83,136,155,细颗粒物(PM2.5)
泸州市,兰田宪桥,105.4241,28.8573,2026-09-08T0000,91,194,1.0,16,7,71,124,129,"颗粒物(PM10),细颗粒物(PM2.5)"
泸州市,市环监站,105.4378,28.8833,2026-09-08T0000,63,101,0.9,12,7,90,124,103,细颗粒物(PM2.5)
泸州市,纳溪区委政协,105.3665,28.77434,2026-09-08T0000,164,NA,1.1,21,6,57,130,214,细颗粒物(PM2.5)
吕梁市,环保局,111.1447,37.5212,2026-09-08T0000,19,NA,0.5,10,4,69,75,28,
吕梁市,自来水公司,111.1285,37.5338,2026-09-08T0000,14,18,0.5,12,1,68,78,22,
吕梁市,马茂庄小学,111.1225,37.5093,2026-09-08T0000,16,22,0.5,12,2,67,74,23,
洛阳市,市委党校,112.3934,34.6517,2026-09-08T0000,67,101,0.8,34,11,62,180,107,细颗粒物(PM2.5)
洛阳市,河南林校,112.494,34.6883,2026-09-08T0000,55,99,0.5,33,16,82,182,90,细颗粒物(PM2.5)
洛阳市,开发区管委会,112.3843,34.623,2026-09-08T0000,46,66,0.7,18,13,109,195,72,细颗粒物(PM2.5)
洛阳市,市委新办公区,112.4263,34.6249,2026-09-08T0000,55,76,0.7,23,14,83,179,90,细颗粒物(PM2.5)
洛阳市,伊滨,112.6005,34.6323,2026-09-08T0000,50,82,0.7,22,8,51,179,80,细颗粒物(PM2.5)
洛阳市,中移产业园,112.495,34.6338,2026-09-08T0000,89,130,0.6,29,12,69,188,127,细颗粒物(PM2.5)
洛阳市,吉利监测站,112.5736,34.8993,2026-09-08T0000,45,88,0.5,20,10,104,180,78,颗粒物(PM10)
洛阳市,河科大西苑校区,112.3678,34.6623,2026-09-08T0000,76,116,1.1,38,10,84,194,115,细颗粒物(PM2.5)
洛阳市,英才小学,112.4387,34.678,2026-09-08T0000,53,100,0.7,30,12,82,178,86,"颗粒物(PM10),细颗粒物(PM2.5)"
洛阳市,春都路1号院,112.460027,34.694929,2026-09-08T0000,58,97,0.4,17,8,85,176,96,细颗粒物(PM2.5)
漯河市,三五一五工厂,114.051,33.5721,2026-09-08T0000,34,63,0.7,23,6,102,159,60,颗粒物(PM10)
漯河市,漯河大学,114.0055,33.5698,2026-09-08T0000,31,41,0.6,21,7,120,160,45,
漯河市,市水利局,114.0134,33.5826,2026-09-08T0000,29,46,0.7,14,8,114,163,46,
漯河市,市广电局,114.0261,33.5697,2026-09-08T0000,26,46,0.5,23,7,109,164,46,
漯河市,市图书馆,113.9691,33.568,2026-09-08T0000,16,43,0.6,18,7,114,150,43,
漯河市,韶山路11号,114.089259,33.588274,2026-09-08T0000,43,65,0.6,44,10,78,158,66,细颗粒物(PM2.5)
马鞍山市,湖东路四小,118.5084,31.6838,2026-09-08T0000,16,24,0.8,24,8,59,152,24,
马鞍山市,开发区,118.5019,31.6449,2026-09-08T0000,33,64,0.8,49,7,35,149,60,颗粒物(PM10)
马鞍山市,雨山,118.4914,31.681,2026-09-08T0000,16,27,0.7,18,8,71,153,27,
马鞍山市,慈湖高新区,118.527362,31.722269,2026-09-08T0000,15,33,0.5,15,5,68,144,33,
茂名市,电白南海,111.0285,21.469,2026-09-08T0000,10,14,0.6,8,3,83,109,26,
茂名市,茂石化七小,110.9294,21.6533,2026-09-08T0000,14,17,0.5,10,5,78,86,25,
茂名市,健康路,110.9108,21.6688,2026-09-08T0000,11,12,0.6,7,6,91,94,29,
茂名市,高岭,110.8592,21.6826,2026-09-08T0000,18,NA,/,14,5,68,91,26,
茂名市,电白水东,111.0101,21.5165,2026-09-08T0000,9,NA,/,7,4,76,104,24,
眉山市,气象局,103.8414,30.0871,2026-09-08T0000,36,47,1.0,25,8,61,150,52,细颗粒物(PM2.5)
眉山市,区人社局,103.829,30.0563,2026-09-08T0000,37,59,0.8,25,8,58,147,57,颗粒物(PM10)
眉山市,眉职院,103.8836,30.0695,2026-09-08T0000,32,52,0.9,19,8,72,138,52,颗粒物(PM10)
梅州市,梅江月梅,116.1248,24.3307,2026-09-08T0000,18,27,/,13,/,32,85,27,
梅州市,梅县新城,116.0798,24.2719,2026-09-08T0000,23,33,0.7,12,9,33,91,33,
梅州市,梅龙,116.1234,24.2994,2026-09-08T0000,23,34,0.7,15,9,27,91,34,
绵阳市,富乐山,104.7775,31.4741,2026-09-08T0000,58,72,0.9,27,10,44,102,96,细颗粒物(PM2.5)
绵阳市,高新区自来水公司,104.6698,31.4668,2026-09-08T0000,39,55,0.7,12,9,75,132,58,细颗粒物(PM2.5)
绵阳市,西科大附属小学,104.6899,31.5324,2026-09-08T0000,35,56,0.6,19,9,57,121,55,颗粒物(PM10)
绵阳市,安州区旅游局,104.5647,31.5343,2026-09-08T0000,35,59,0.4,16,6,68,116,57,颗粒物(PM10)
绵阳市,科技城新区公安局,104.7092,31.4972,2026-09-08T0000,41,69,0.7,19,10,64,122,64,颗粒物(PM10)
绵阳市,绵阳市气象局,104.765114,31.453094,2026-09-08T0000,51,73,0.8,23,9,52,113,82,细颗粒物(PM2.5)
牡丹江市,环保大楼,129.61,44.561,2026-09-08T0000,16,19,0.5,3,5,40,65,23,
牡丹江市,机车工厂,129.6364,44.6075,2026-09-08T0000,17,27,0.4,5,6,40,67,27,
牡丹江市,第一中学,129.6386,44.5462,2026-09-08T0000,13,27,0.5,4,3,42,74,27,
牡丹江市,东晓云街98号,129.5992,44.5964,2026-09-08T0000,15,20,0.4,2,7,43,67,22,
内江市,市监测站,105.0703,29.61,2026-09-08T0000,52,NA,0.6,13,8,88,148,84,细颗粒物(PM2.5)
内江市,内江二中,105.0657,29.5807,2026-09-08T0000,50,NA,0.6,11,8,92,139,80,细颗粒物(PM2.5)
内江市,内江日报社,105.0407,29.5828,2026-09-08T0000,60,NA,0.7,19,12,78,138,100,细颗粒物(PM2.5)
内江市,玉峰路西段888号,105.0433,29.6105,2026-09-08T0000,58,NA,0.6,13,10,76,137,96,细颗粒物(PM2.5)
那曲市,那曲监测站,92.0653,31.4846,2026-09-08T0000,11,22,0.5,6,7,58,75,22,
那曲市,那曲市委宣传部,92.0515,31.4787,2026-09-08T0000,3,11,0.4,8,7,59,80,19,
南昌市,省林业公司,115.8887,28.7006,2026-09-08T0000,18,36,0.4,22,8,88,146,36,
南昌市,林科所,115.813,28.7443,2026-09-08T0000,11,27,0.6,15,9,105,139,33,
南昌市,建工学校,115.8518,28.687,2026-09-08T0000,18,42,0.6,17,11,109,138,42,
南昌市,象湖,115.8926,28.6425,2026-09-08T0000,22,26,0.5,23,10,NA,133,NA,NA
南昌市,机电学校,115.9084,28.6062,2026-09-08T0000,16,40,0.6,21,10,113,145,40,
南昌市,外国语学校,115.9718,28.7032,2026-09-08T0000,23,40,0.9,36,8,85,128,40,
南昌市,工业二路,115.7923,28.6873,2026-09-08T0000,21,37,0.5,16,8,119,141,38,
南昌市,南京东路235号,115.931587,28.686774,2026-09-08T0000,23,29,0.9,14,6,109,142,35,
南充市,南充市委,106.0791,30.8022,2026-09-08T0000,34,50,0.4,17,8,48,98,50,
南充市,南充炼油厂,106.1038,30.8215,2026-09-08T0000,45,66,0.4,19,10,61,106,70,细颗粒物(PM2.5)
南充市,梨树横街98号,106.108336,30.788436,2026-09-08T0000,41,56,0.3,21,13,64,105,62,细颗粒物(PM2.5)
南充市,清泉寺北路188号,106.1172,30.843,2026-09-08T0000,45,60,0.5,14,11,65,108,70,细颗粒物(PM2.5)
南充市,同庆路1号,106.067,30.7616,2026-09-08T0000,32,34,0.5,19,10,70,109,46,
南京市,迈皋桥,118.8033,32.1085,2026-09-08T0000,7,17,0.6,20,5,NA,96,NA,NA
南京市,草场门,118.7487,32.057,2026-09-08T0000,7,22,0.5,38,6,57,126,22,
南京市,中华门,118.770105,32.004342,2026-09-08T0000,3,12,0.2,9,7,76,113,24,
南京市,瑞金路,118.8059,32.0329,2026-09-08T0000,3,12,0.2,15,4,84,121,27,
南京市,玄武湖,118.7946,32.0774,2026-09-08T0000,3,22,0.4,29,4,64,120,22,
南京市,浦口,118.6415,32.0964,2026-09-08T0000,13,31,0.8,19,9,72,125,31,
南京市,奥体中心,118.730129,32.000956,2026-09-08T0000,3,21,0.3,23,8,74,128,24,
南京市,仙林大学城,118.9072,32.1047,2026-09-08T0000,3,17,0.3,35,3,43,105,18,
南京市,江宁彩虹桥,118.8443,31.919,2026-09-08T0000,3,26,0.5,21,4,78,135,26,
南京市,六合雄州,118.8497,32.3599,2026-09-08T0000,15,36,0.7,22,4,47,109,36,
南京市,新模范马路66号,118.7641,32.0841,2026-09-08T0000,3,19,0.2,31,4,72,130,23,
南京市,汶溪路181号,118.8707617,31.34017673,2026-09-08T0000,7,NA,0.6,13,1,85,129,27,
南京市,中山西路1号,119.019,31.6512,2026-09-08T0000,10,17,0.5,13,4,78,132,25,
南宁市,二十一中,108.3098,22.788,2026-09-08T0000,54,NA,1.2,43,4,30,133,88,细颗粒物(PM2.5)
南宁市,北湖,108.3135,22.8529,2026-09-08T0000,60,72,1.0,54,6,8,127,100,细颗粒物(PM2.5)
南宁市,市监测站,108.3205,22.8222,2026-09-08T0000,51,69,1.0,44,8,19,126,82,细颗粒物(PM2.5)
南宁市,大自然花园,108.3828,22.8038,2026-09-08T0000,34,48,0.8,40,4,23,113,49,
南宁市,区农职院,108.2397,22.8462,2026-09-08T0000,41,52,0.7,24,10,37,161,62,细颗粒物(PM2.5)
南宁市,英华嘉园,108.3285,22.7356,2026-09-08T0000,46,65,1.0,63,6,2,124,72,细颗粒物(PM2.5)
南宁市,红星社区,108.4829,22.762,2026-09-08T0000,33,NA,0.8,29,6,25,118,48,
南宁市,起凤路9号,108.2927,23.1477,2026-09-08T0000,45,61,0.7,34,4,14,114,70,细颗粒物(PM2.5)
南宁市,乐贤路16号,108.2177,22.7774,2026-09-08T0000,47,96,1.0,57,7,0,121,83,颗粒物(PM10)
南平市,南平市监测站,118.1682,26.6371,2026-09-08T0000,20,29,0.4,23,4,29,108,29,
南平市,南平七中,118.1757,26.6276,2026-09-08T0000,20,31,0.4,14,3,35,110,31,
南通市,狼山街道,120.9056,31.9669,2026-09-08T0000,7,11,0.5,10,4,73,97,23,
南通市,城中,120.8635,32.0231,2026-09-08T0000,6,17,0.3,10,2,74,94,24,
南通市,星湖花园,120.9376,31.9301,2026-09-08T0000,3,10,0.4,8,4,73,96,23,
南通市,紫琅学院,120.8053,32.046,2026-09-08T0000,9,11,0.6,14,3,55,92,18,
南通市,通州监测站,121.0631,32.0644,2026-09-08T0000,6,17,0.5,5,1,70,91,22,
南通市,环境教育馆,120.9348,31.9874,2026-09-08T0000,7,17,0.4,10,7,66,95,21,
南通市,洪江路,120.8692,31.9885,2026-09-08T0000,3,7,0.5,9,4,73,89,23,
南阳市,瓦房庄,112.5338,33.0086,2026-09-08T0000,25,50,0.6,15,7,99,163,50,
南阳市,汉画馆,112.5002,32.9734,2026-09-08T0000,14,46,0.8,15,8,101,162,46,
南阳市,气象站,112.5778,33.0144,2026-09-08T0000,14,52,0.7,13,8,97,156,52,颗粒物(PM10)
南阳市,理工学院,112.548,32.9687,2026-09-08T0000,22,53,0.7,16,9,95,160,53,颗粒物(PM10)
南阳市,卧龙区政府,112.5233,32.9921,2026-09-08T0000,18,49,0.8,14,7,103,165,49,
宁波市,区环保大楼,121.8352,29.9111,2026-09-08T0000,10,29,0.4,19,6,72,118,29,
宁波市,万里学院,121.5595,29.8208,2026-09-08T0000,8,22,0.5,9,7,92,141,29,
宁波市,龙赛医院,121.713,29.9564,2026-09-08T0000,11,33,0.4,10,7,83,124,33,
宁波市,太古小学,121.5855,29.8635,2026-09-08T0000,9,28,0.6,5,5,85,128,28,
宁波市,市环境监测中心,121.5239,29.8673,2026-09-08T0000,12,22,0.8,13,4,77,141,25,
宁波市,万里国际学校,121.6156,29.9015,2026-09-08T0000,10,21,0.5,11,8,85,126,27,
宁波市,白沙活动中心,121.5593,29.8976,2026-09-08T0000,10,16,0.4,7,10,86,137,27,
宁波市,中科路88号,121.8962,29.7529,2026-09-08T0000,11,24,0.8,20,8,54,129,24,
宁德市,宁德市监测站,119.5387,26.6611,2026-09-08T0000,18,25,0.8,5,6,94,143,30,
宁德市,宁德一中,119.5231,26.6562,2026-09-08T0000,18,27,0.4,7,4,100,149,32,
怒江傈僳族自治州,州监测站,98.859,25.8541,2026-09-08T0000,11,27,0.6,13,4,24,67,27,
怒江傈僳族自治州,泸水一中,98.8607,25.8168,2026-09-08T0000,14,NA,0.7,15,5,14,58,20,
攀枝花市,弄弄坪,101.6891,26.571,2026-09-08T0000,17,42,0.5,16,7,50,101,42,
攀枝花市,河门口,101.577,26.5914,2026-09-08T0000,20,29,0.8,6,6,50,107,29,
攀枝花市,仁和,101.7365,26.4986,2026-09-08T0000,24,36,0.6,10,5,32,81,36,
攀枝花市,四十中小,101.7222,26.567,2026-09-08T0000,18,40,1.2,29,12,36,96,40,
盘锦市,开发区,122.0303,41.1489,2026-09-08T0000,15,16,0.5,7,4,42,69,22,
盘锦市,兴隆台,122.0486,41.0883,2026-09-08T0000,12,19,0.5,7,3,40,58,19,
盘锦市,新生街道,121.8297,41.1026,2026-09-08T0000,14,23,0.6,14,5,36,54,23,
平顶山市,新华旅馆,113.3257,33.7423,2026-09-08T0000,46,76,0.8,25,9,83,161,72,细颗粒物(PM2.5)
平顶山市,规划设计院,113.2917,33.737,2026-09-08T0000,36,64,0.6,16,11,96,159,60,颗粒物(PM10)
平顶山市,平顶山工学院,113.182,33.7738,2026-09-08T0000,23,49,0.6,19,10,91,166,49,
平顶山市,石龙区,112.8736,33.9068,2026-09-08T0000,36,83,0.6,28,19,84,163,74,颗粒物(PM10)
平顶山市,姚电大道23号,113.284,33.7139,2026-09-08T0000,33,72,0.5,12,12,101,162,66,颗粒物(PM10)
平凉市,聚贤嘉苑,106.6633,35.5338,2026-09-08T0000,3,14,0.6,7,7,57,116,18,
平凉市,博物馆,106.7021,35.5307,2026-09-08T0000,3,17,0.5,6,9,54,106,17,
萍乡市,中医院,113.8384,27.6436,2026-09-08T0000,27,49,0.8,26,7,44,149,49,
萍乡市,市环保局,113.8677,27.6438,2026-09-08T0000,39,45,0.6,17,10,63,159,58,细颗粒物(PM2.5)
萍乡市,安源区政府,113.8663,27.6202,2026-09-08T0000,30,42,0.7,10,8,51,143,43,
萍乡市,联洪村委会,113.8686,27.6668,2026-09-08T0000,41,53,0.6,16,9,53,144,62,细颗粒物(PM2.5)
莆田市,荔城区仓后路,119.0142,25.4324,2026-09-08T0000,22,30,/,12,/,98,122,32,
莆田市,莆田市监测站,119.0016,25.4553,2026-09-08T0000,9,20,0.5,5,5,85,131,27,
莆田市,涵江区六中,119.112,25.4561,2026-09-08T0000,13,27,0.5,7,/,109,137,35,
莆田市,秀屿区政府,119.1014,25.3215,2026-09-08T0000,6,22,0.4,2,7,118,128,37,
濮阳市,环保局,115.0312,35.7636,2026-09-08T0000,40,42,0.5,13,6,129,200,60,细颗粒物(PM2.5)
濮阳市,濮水河管理处,115,35.7667,2026-09-08T0000,29,40,0.7,9,7,110,191,42,
濮阳市,中原东路68号,115.0552,35.7816,2026-09-08T0000,30,68,1.0,13,9,115,206,63,颗粒物(PM10)
濮阳市,任丘路479号,115.0923632,35.76857718,2026-09-08T0000,36,71,0.6,15,6,128,216,65,颗粒物(PM10)
普洱市,市环保局,100.9801,22.7634,2026-09-08T0000,3,26,0.7,3,6,16,62,26,
普洱市,普洱第二中学,100.9763,22.8237,2026-09-08T0000,12,59,1.0,11,5,6,62,57,颗粒物(PM10)
七台河市,中波台,131.0413,45.7795,2026-09-08T0000,12,15,0.7,8,3,23,67,18,
七台河市,人民广场,131.0136,45.7688,2026-09-08T0000,15,24,0.7,12,7,19,62,24,
七台河市,新建矿广场,130.8639,45.8144,2026-09-08T0000,16,17,0.8,5,4,25,64,23,
齐齐哈尔市,安居小区,123.9307,47.3641,2026-09-08T0000,8,21,0.3,8,3,24,43,21,
齐齐哈尔市,中心广场,123.9497,47.3389,2026-09-08T0000,6,NA,0.2,8,2,28,46,9,
齐齐哈尔市,农牧车辆厂,123.9483,47.3229,2026-09-08T0000,11,19,0.4,7,6,28,47,19,
齐齐哈尔市,市环境监测站,123.9442,47.2994,2026-09-08T0000,3,18,0.2,12,5,21,48,18,
齐齐哈尔市,富区青少年活动中心,123.6341,47.2079,2026-09-08T0000,3,23,0.3,16,4,22,46,23,
黔东南苗族侗族自治州,市环境监测站,107.9765,26.5724,2026-09-08T0000,18,24,0.5,26,2,8,69,26,
黔东南苗族侗族自治州,凯里学院,107.8909,26.531,2026-09-08T0000,14,14,0.5,19,3,16,79,20,
黔南布依族苗族自治州,小围寨,107.5223,26.2371,2026-09-08T0000,16,24,0.6,20,4,15,72,24,
黔南布依族苗族自治州,沙坝,107.5175,26.2977,2026-09-08T0000,9,24,0.5,11,3,17,68,24,
黔西南布依族苗族自治州,场坝街,104.9022,25.0943,2026-09-08T0000,28,35,0.5,8,5,46,83,40,
黔西南布依族苗族自治州,坪东大道,104.8812,25.0994,2026-09-08T0000,32,39,0.5,14,4,32,85,46,
钦州市,市环保站,108.6238,21.9667,2026-09-08T0000,26,56,0.9,16,8,109,108,55,颗粒物(PM10)
钦州市,沙埠小学,108.655,21.9481,2026-09-08T0000,33,72,0.8,20,11,92,106,66,颗粒物(PM10)
钦州市,港区一小,108.5989,21.7435,2026-09-08T0000,26,71,0.8,39,12,85,124,65,颗粒物(PM10)
钦州市,北职校,108.5959,21.9634,2026-09-08T0000,25,49,0.9,15,9,92,108,49,
秦皇岛市,建设大厦,119.5247,39.9346,2026-09-08T0000,3,25,0.4,2,3,53,73,25,
秦皇岛市,文明里,119.5979,39.938,2026-09-08T0000,3,27,0.3,2,7,59,76,27,
秦皇岛市,南园路157号,119.7458,39.9952,2026-09-08T0000,6,42,0.2,2,5,62,76,42,
秦皇岛市,翠岛大街1号,119.5131,39.8858,2026-09-08T0000,3,21,0.3,2,6,62,80,21,
秦皇岛市,北戴河轮滑馆,119.509013,39.825305,2026-09-08T0000,11,20,0.3,2,5,64,82,20,
青岛市,市南区东部子站,120.404,36.0625,2026-09-08T0000,10,17,0.4,12,7,106,128,34,
青岛市,四方区子站,120.362344,36.10282,2026-09-08T0000,9,19,0.4,9,4,110,144,35,
青岛市,市南区西部子站,120.294373,36.054183,2026-09-08T0000,9,14,0.5,9,8,110,133,35,
青岛市,崂山区子站,120.4581,36.0858,2026-09-08T0000,11,14,0.4,13,8,89,129,28,
青岛市,城阳区子站,120.3945,36.3083,2026-09-08T0000,15,29,0.2,11,4,84,147,29,
青岛市,市北区南部,120.3454,36.0735,2026-09-08T0000,10,13,0.4,8,5,104,133,33,
青岛市,李沧区北部,120.3897,36.18,2026-09-08T0000,11,24,0.5,11,4,91,138,29,
青岛市,盟旺路653号,120.5222,36.4089,2026-09-08T0000,14,22,0.6,13,6,75,126,24,
青岛市,珠江路669号,120.196923,35.954556,2026-09-08T0000,7,14,0.5,25,4,92,148,29,
青岛市,黄岛区人民政府广场,120.0424,35.8656,2026-09-08T0000,14,27,0.3,28,4,61,131,27,
清远市,凤城街办,113.0218,23.7086,2026-09-08T0000,22,35,/,6,/,67,116,35,
清远市,技师学院,113.0479,23.6343,2026-09-08T0000,26,52,0.9,35,6,33,111,52,颗粒物(PM10)
清远市,清新太和,112.9898,23.7403,2026-09-08T0000,20,37,0.4,8,21,79,116,37,
清远市,清城东城,113.076,23.72,2026-09-08T0000,23,41,/,15,/,51,112,41,
庆阳市,庆阳五中,107.6325,35.7357,2026-09-08T0000,7,10,0.3,7,2,40,126,13,
庆阳市,市环保局,107.6361,35.7067,2026-09-08T0000,8,16,0.6,7,2,42,126,16,
曲靖市,环境监测站,103.7897,25.5036,2026-09-08T0000,13,20,0.5,8,1,67,117,21,
曲靖市,烟厂办公区,103.8013,25.5357,2026-09-08T0000,11,22,0.5,5,2,65,111,22,
曲靖市,南苑二区,103.7926,25.4651,2026-09-08T0000,13,20,0.8,4,4,71,109,23,
曲靖市,曲靖师范学院,103.7442,25.5259,2026-09-08T0000,9,26,0.5,6,4,70,113,26,
衢州市,环保大楼,118.8694,28.94,2026-09-08T0000,19,32,/,18,/,70,136,32,
衢州市,衢州学院,118.8622,28.9809,2026-09-08T0000,16,27,0.7,22,7,76,134,27,
衢州市,衢州三中,118.9646,28.9832,2026-09-08T0000,23,37,0.8,29,4,52,140,37,
泉州市,涂山街,118.5818,24.9116,2026-09-08T0000,15,25,0.5,10,3,104,142,33,
泉州市,津头埔,118.597,24.8976,2026-09-08T0000,15,28,0.5,11,2,99,135,31,
泉州市,万安,118.6669,24.9422,2026-09-08T0000,12,37,0.5,10,4,97,135,37,
泉州市,霞新路6号,118.6355,24.9148,2026-09-08T0000,15,15,0.4,15,/,106,140,34,
日喀则市,日喀则监测站,88.8873,29.2723,2026-09-08T0000,6,21,0.3,17,7,34,78,21,
日喀则市,林业技术推广中心,88.8775,29.2425,2026-09-08T0000,3,15,0.3,4,4,48,80,15,
日照市,监测站,119.4711,35.421,2026-09-08T0000,10,12,0.4,68,8,20,131,34,
日照市,市政府广场,119.523,35.4216,2026-09-08T0000,13,22,0.5,30,4,50,131,22,
日照市,港务局,119.5511,35.4113,2026-09-08T0000,9,17,0.5,15,5,81,132,26,
日照市,职业技术学院,119.5326,35.4627,2026-09-08T0000,8,9,0.3,11,8,60,136,19,
日照市,岚山环保分局,119.3267,35.1043,2026-09-08T0000,6,31,0.4,13,7,85,142,31,
三门峡市,市政府,111.1922,34.7752,2026-09-08T0000,46,66,0.7,16,10,148,163,72,细颗粒物(PM2.5)
三门峡市,开发区,111.1588,34.794,2026-09-08T0000,43,75,0.7,14,10,126,162,68,颗粒物(PM10)
三门峡市,三门峡市第一小学,111.1911,34.7829,2026-09-08T0000,44,64,0.7,10,11,161,164,68,细颗粒物(PM2.5)
三门峡市,富达温泉假日酒店,111.1031,34.719,2026-09-08T0000,47,76,0.8,28,9,98,155,74,细颗粒物(PM2.5)
三明市,三钢,117.621,26.2626,2026-09-08T0000,14,22,0.4,18,4,36,113,22,
三明市,三明二中,117.6352,26.2714,2026-09-08T0000,18,24,0.5,20,5,30,111,26,
三明市,三元区政府,117.6028,26.2377,2026-09-08T0000,34,NA,0.5,20,7,23,118,49,
三亚市,河西子站,109.4962,18.2682,2026-09-08T0000,19,21,0.6,10,4,78,96,28,
三亚市,君悦子站,109.7348,18.3443,2026-09-08T0000,13,19,0.7,12,4,21,82,19,
三亚市,城东小学站,109.1714,18.3739,2026-09-08T0000,23,28,/,8,/,35,100,33,
山南市,山南监测站,91.7592,29.234,2026-09-08T0000,3,6,0.3,9,9,49,72,16,
山南市,山南人民医院,91.7701,29.2436,2026-09-08T0000,3,7,0.3,8,7,NA,75,NA,NA
汕头市,金平子站,116.6795,23.3666,2026-09-08T0000,6,10,0.5,8,4,66,100,21,
汕头市,龙湖子站,116.7248,23.3632,2026-09-08T0000,9,14,/,7,5,62,93,20,
汕头市,濠江子站,116.7257,23.2774,2026-09-08T0000,9,13,/,7,6,77,99,25,
汕头市,澄海子站,116.7518,23.4712,2026-09-08T0000,9,14,0.7,10,4,64,93,20,
汕头市,潮阳子站,116.6088,23.2539,2026-09-08T0000,10,22,0.3,6,8,63,90,22,
汕头市,潮南峡山,116.4539,23.2684,2026-09-08T0000,13,21,0.6,8,6,73,92,23,
汕头市,潮南子站,116.4069,23.2533,2026-09-08T0000,23,35,/,7,7,68,90,35,
汕尾市,市环保局,115.3653,22.7751,2026-09-08T0000,11,NA,0.5,10,6,94,145,30,
汕尾市,新城中学,115.362,22.7926,2026-09-08T0000,16,18,0.8,10,7,81,141,26,
商洛市,监测站,109.9155,33.8714,2026-09-08T0000,31,50,0.6,14,8,123,174,50,
商洛市,商州区中学,109.9647,33.8486,2026-09-08T0000,32,48,0.5,21,5,108,168,48,
商丘市,环境监测站,115.6701,34.4283,2026-09-08T0000,37,54,0.5,14,5,110,172,54,细颗粒物(PM2.5)
商丘市,粮食局,115.6458,34.4047,2026-09-08T0000,32,54,0.7,15,7,107,173,53,颗粒物(PM10)
商丘市,梁园区档案局,115.6069,34.4465,2026-09-08T0000,36,84,0.5,32,5,88,178,75,颗粒物(PM10)
商丘市,北海东路185号,115.6701,34.3767,2026-09-08T0000,31,64,0.6,12,5,106,179,60,颗粒物(PM10)
商丘市,中山大街3号,115.6172,34.3704,2026-09-08T0000,33,96,0.7,39,7,71,186,83,颗粒物(PM10)
上海市,普陀,121.401,31.2382,2026-09-08T0000,12,23,0.2,13,5,90,102,29,
上海市,十五厂,121.4774,31.2043,2026-09-08T0000,10,19,0.4,12,5,88,98,28,
上海市,虹口,121.4673,31.3011,2026-09-08T0000,10,23,0.3,10,4,86,94,27,
上海市,静安监测站,121.4253,31.226,2026-09-08T0000,12,21,0.6,12,7,101,111,32,
上海市,浦东川沙,121.7029,31.1905,2026-09-08T0000,16,35,0.8,27,10,62,101,35,
上海市,浦东新区监测站,121.5339,31.229,2026-09-08T0000,11,20,0.3,17,8,77,92,25,
上海市,浦东张江,121.5776,31.2038,2026-09-08T0000,12,23,0.2,11,6,88,103,28,
上海市,宝山庙行,121.4242,31.3303,2026-09-08T0000,12,27,0.4,13,7,82,91,27,
上海市,崇明上实东滩,121.8789,31.4662,2026-09-08T0000,8,14,0.3,6,8,73,104,23,
上海市,嘉定南翔,121.316,31.2839,2026-09-08T0000,15,25,0.4,21,8,66,100,25,
上海市,金山新城,121.3357,30.7455,2026-09-08T0000,16,27,0.8,15,6,77,121,27,
上海市,闵行浦江,121.4996,31.0741,2026-09-08T0000,13,23,0.6,14,7,82,98,26,
上海市,青浦徐泾,121.2886,31.1663,2026-09-08T0000,16,28,0.6,15,7,66,105,28,
上海市,松江图书馆,121.2193,31.0382,2026-09-08T0000,16,30,0.5,21,7,64,104,30,
上海市,长宁仙霞,121.3904,31.206,2026-09-08T0000,13,22,0.3,8,5,90,96,29,
上海市,浦东惠南,121.7964,31.0507,2026-09-08T0000,10,20,0.8,19,10,78,103,25,
上海市,奉贤南桥新城,121.4891,30.925,2026-09-08T0000,15,26,0.3,13,3,78,98,26,
上海市,冠生园路458号,121.417401,31.16637,2026-09-08T0000,11,20,0.6,9,8,95,104,30,
上海市,宁武路151号,121.541914,31.268301,2026-09-08T0000,12,24,0.3,18,8,83,98,26,
上饶市,市监测站,117.9758,28.4439,2026-09-08T0000,40,42,/,23,1,46,147,60,细颗粒物(PM2.5)
上饶市,凤凰光学,117.9521,28.4637,2026-09-08T0000,22,31,0.3,12,4,57,134,32,
上饶市,双创科技城,117.897,28.4316,2026-09-08T0000,34,37,0.7,15,17,64,137,49,
上饶市,裕丰大道,118.190438,28.444845,2026-09-08T0000,34,54,0.6,8,10,58,127,53,颗粒物(PM10)
韶关市,市八中,113.5821,24.7733,2026-09-08T0000,16,25,0.8,19,8,29,94,25,
韶关市,园林处,113.5916,24.7973,2026-09-08T0000,34,51,/,22,13,32,96,51,颗粒物(PM10)
韶关市,曲江监测站,113.5971,24.6864,2026-09-08T0000,16,37,0.5,22,10,19,94,37,
韶关市,大学路288号,113.6668,24.7756,2026-09-08T0000,24,26,/,7,36,42,98,35,
韶关市,碧湖山庄,113.5556,24.8082,2026-09-08T0000,18,29,0.7,13,9,41,89,29,
邵阳市,市化工厂,111.5277,27.2442,2026-09-08T0000,78,NA,0.7,21,22,59,163,117,细颗粒物(PM2.5)
邵阳市,市环保局,111.4327,27.2276,2026-09-08T0000,76,NA,0.9,15,7,59,148,115,细颗粒物(PM2.5)
邵阳市,北塔二期4-26地块,111.446,27.2472,2026-09-08T0000,82,NA,1.0,12,6,45,146,120,细颗粒物(PM2.5)
邵阳市,邵水西路287号,111.4739,27.2282,2026-09-08T0000,91,NA,0.7,22,9,48,168,129,细颗粒物(PM2.5)
绍兴市,城东开发委,120.6053,29.9927,2026-09-08T0000,28,54,0.7,21,6,66,140,53,颗粒物(PM10)
绍兴市,树下王站,120.5482,30.0003,2026-09-08T0000,32,39,0.8,26,4,58,130,46,
绍兴市,绍兴中专,120.5685,29.936,2026-09-08T0000,25,46,0.7,26,5,56,138,46,
绍兴市,柯桥区政府,120.4905,30.086,2026-09-08T0000,16,29,0.4,25,6,80,145,29,
绍兴市,重华小学,120.8751,30.0249,2026-09-08T0000,16,29,0.8,14,5,88,130,29,
绍兴市,上虞中学,120.837,30.0137,2026-09-08T0000,15,30,0.6,15,4,91,127,30,
绍兴市,柯桥妇保,120.4715,30.0414,2026-09-08T0000,22,36,0.6,14,7,74,141,36,
绍兴市,袍江中学,120.6156,30.0762,2026-09-08T0000,23,45,0.6,26,9,83,132,45,
深圳市,通心岭子站,114.0948,22.5506,2026-09-08T0000,26,41,0.7,22,2,57,136,41,
深圳市,洪湖,114.1153,22.5713,2026-09-08T0000,27,42,0.7,33,2,63,137,42,
深圳市,华侨城,113.9823,22.5398,2026-09-08T0000,19,27,/,16,/,119,168,38,
深圳市,南海子站,113.9181,22.517,2026-09-08T0000,19,28,0.8,26,1,109,206,35,
深圳市,盐田,114.2345,22.565,2026-09-08T0000,18,29,0.8,100,8,11,96,50,
深圳市,南澳,114.4911,22.5381,2026-09-08T0000,14,26,/,8,/,76,143,26,
深圳市,葵涌,114.41,22.6346,2026-09-08T0000,24,43,0.9,27,7,32,118,43,
深圳市,梅沙,114.2967,22.5978,2026-09-08T0000,14,30,/,11,/,104,98,33,
深圳市,观澜,114.0563,22.7353,2026-09-08T0000,34,56,0.6,NA,4,114,158,NA,NA
深圳市,莲花,114.0614,22.556,2026-09-08T0000,15,24,/,12,/,97,112,31,
深圳市,民治,114.0144,22.6163,2026-09-08T0000,21,30,/,27,/,112,126,35,
深圳市,横岗,114.1756,22.6421,2026-09-08T0000,28,38,/,42,/,80,139,40,
深圳市,坪山,114.344,22.7115,2026-09-08T0000,15,22,0.7,17,5,120,126,38,
深圳市,西乡,113.8952,22.586,2026-09-08T0000,38,58,0.8,38,5,102,174,56,"颗粒物(PM10),细颗粒物(PM2.5)"
深圳市,黄阁路,114.214113,22.713717,2026-09-08T0000,19,31,1.0,19,5,119,131,38,
沈阳市,浑南东路,123.5058,41.7084,2026-09-08T0000,18,29,0.6,13,9,35,50,29,
沈阳市,新秀街,123.4238,41.6992,2026-09-08T0000,NA,NA,NA,NA,NA,NA,NA,NA,NA
沈阳市,东陵路,123.5903,41.8412,2026-09-08T0000,16,23,0.6,14,8,26,43,23,
沈阳市,陵东街,123.4267,41.8466,2026-09-08T0000,16,20,0.5,10,5,27,51,23,
沈阳市,文化路,123.4116,41.7654,2026-09-08T0000,15,25,0.7,10,8,34,52,25,
沈阳市,小河沿,123.4673,41.787,2026-09-08T0000,17,NA,0.8,13,6,29,44,25,
沈阳市,太原街,123.4019,41.7978,2026-09-08T0000,16,36,0.7,7,5,32,58,36,
沈阳市,京沈街,123.3778,41.9233,2026-09-08T0000,15,21,0.6,15,5,28,72,22,
沈阳市,沈辽西路,123.2429,41.7341,2026-09-08T0000,14,36,0.7,14,8,34,48,36,
沈阳市,裕农路,123.5951,41.9085,2026-09-08T0000,18,20,0.5,18,7,21,41,26,
十堰市,滨河新村,110.78,32.6494,2026-09-08T0000,32,64,0.8,24,/,76,159,60,颗粒物(PM10)
十堰市,刘家沟,110.7305,32.6408,2026-09-08T0000,26,45,/,11,/,95,141,45,
十堰市,铁二处,110.8843,32.5712,2026-09-08T0000,30,30,0.7,7,5,88,158,43,
十堰市,郧阳区金沙路,110.8053,32.8401,2026-09-08T0000,33,NA,0.5,10,8,110,155,48,
石河子市,艾青诗歌馆,86.0391,44.298,2026-09-08T0000,22,53,0.7,52,7,38,118,53,颗粒物(PM10)
石河子市,南区管委会,86.047,44.2331,2026-09-08T0000,3,40,0.4,14,4,70,114,40,
石河子市,世纪广场,86.0791,44.3018,2026-09-08T0000,21,40,1.0,42,6,50,123,40,
石河子市,城南景苑小区,86.0126,44.2349,2026-09-08T0000,16,49,0.2,13,6,72,118,49,
石家庄市,高新区,114.5919,38.0328,2026-09-08T0000,27,48,0.5,6,3,74,149,48,
石家庄市,西南高教,114.4556,38.0136,2026-09-08T0000,24,45,0.4,8,2,87,158,45,
石家庄市,世纪公园,114.533,38.0177,2026-09-08T0000,20,52,0.6,5,1,92,139,52,颗粒物(PM10)
石家庄市,人民会堂,114.5105,38.0489,2026-09-08T0000,18,44,0.3,8,1,77,151,44,
石家庄市,鹿泉一中,114.2887,38.0905,2026-09-08T0000,24,49,0.3,4,3,83,147,49,
石家庄市,栾城区星河路,114.6491,37.9014,2026-09-08T0000,32,47,0.5,4,2,85,145,47,
石家庄市,裕华西路63号,114.4563,38.0365,2026-09-08T0000,24,44,0.4,5,3,77,150,44,
石家庄市,和平路363号,114.5586,38.0581,2026-09-08T0000,23,31,0.4,6,3,78,152,33,
石家庄市,廉州西路160号,114.8347,38.0213,2026-09-08T0000,29,35,0.4,5,1,76,152,42,
石家庄市,北城路41号,114.4498,38.0729,2026-09-08T0000,28,NA,0.6,7,4,66,149,40,
石家庄市,矿区区委大楼,114.0494,38.059,2026-09-08T0000,9,23,0.6,11,9,93,134,30,
石嘴山市,大武口朝阳西街,106.3668,39.0145,2026-09-08T0000,3,NA,0.5,7,4,55,48,18,
石嘴山市,惠农南大街,106.7713,39.2278,2026-09-08T0000,9,17,0.5,7,16,42,42,17,
石嘴山市,红果子镇惠新街,106.7074,39.1332,2026-09-08T0000,8,17,0.7,21,10,42,48,17,
石嘴山市,妇女儿童医院,106.3495,38.9837,2026-09-08T0000,3,6,0.4,5,5,NA,51,NA,NA
石嘴山市,石大公路,106.7495,39.2068,2026-09-08T0000,11,17,1.8,14,6,40,50,18,
双鸭山市,双合村,131.1509,46.6936,2026-09-08T0000,16,19,0.5,2,9,33,37,23,
双鸭山市,南小市,131.1651,46.6191,2026-09-08T0000,13,NA,0.0,1,3,36,33,19,
双鸭山市,环保局,131.1526,46.6554,2026-09-08T0000,13,37,0.3,3,8,28,38,37,
朔州市,平朔,112.4399,39.3521,2026-09-08T0000,3,14,0.3,11,6,32,50,14,
朔州市,朔唯,112.4574,39.362,2026-09-08T0000,3,21,/,7,5,41,56,21,
朔州市,区政府,112.426,39.3199,2026-09-08T0000,11,25,0.5,9,5,37,54,25,
朔州市,市环保局,112.4075,39.3277,2026-09-08T0000,14,16,/,6,3,43,57,20,
朔州市,市二中,112.4273,39.3682,2026-09-08T0000,9,20,/,14,4,34,49,20,
朔州市,一水厂,112.2938,39.5296,2026-09-08T0000,22,27,0.7,16,2,39,62,32,
四平市,境园,124.3744,43.1842,2026-09-08T0000,21,32,0.3,9,5,18,69,32,
四平市,植物园,124.4029,43.1411,2026-09-08T0000,19,NA,0.4,11,2,20,57,28,
四平市,世纪城,124.3286,43.1726,2026-09-08T0000,18,23,0.4,10,4,22,75,26,
松原市,江南,124.8007,45.1213,2026-09-08T0000,10,20,0.3,8,2,21,50,20,
松原市,江北,124.7967,45.1721,2026-09-08T0000,6,8,0.3,8,2,31,47,10,
苏州市,轧钢厂,120.5974,31.3247,2026-09-08T0000,11,25,0.8,25,6,64,122,25,
苏州市,吴中区,120.6329,31.2741,2026-09-08T0000,11,25,0.6,12,6,70,121,25,
苏州市,苏州新区,120.5566,31.3049,2026-09-08T0000,11,22,0.5,19,7,63,128,22,
苏州市,苏州工业园区,120.668709,31.312523,2026-09-08T0000,NA,NA,NA,NA,NA,NA,NA,NA,NA
苏州市,相城区,120.6408,31.3707,2026-09-08T0000,9,27,0.6,23,8,57,120,27,
苏州市,方洲路,120.7431,31.3188,2026-09-08T0000,10,20,0.5,15,8,62,117,20,
苏州市,木渎中学,120.4979,31.2777,2026-09-08T0000,9,21,0.6,16,5,72,140,23,
苏州市,越秀幼儿园,120.642,31.1733,2026-09-08T0000,9,37,0.5,28,4,38,132,37,
苏州市,高铁新城,120.6502,31.4117,2026-09-08T0000,10,29,0.6,18,6,66,116,29,
苏州市,学森路9号,120.4282,31.3228,2026-09-08T0000,9,33,0.5,25,8,50,146,33,
宿迁市,宿迁学院,118.2924,33.933,2026-09-08T0000,30,48,0.7,24,2,71,150,48,
宿迁市,宿迁中学,118.2321,33.9572,2026-09-08T0000,42,49,0.5,18,5,83,141,64,细颗粒物(PM2.5)
宿迁市,市供电局,118.2781,33.9658,2026-09-08T0000,23,39,0.6,16,4,88,150,39,
宿迁市,宿豫区政府,118.3243,33.95,2026-09-08T0000,29,45,0.5,22,5,92,142,45,
宿迁市,春华路,118.352,33.7886,2026-09-08T0000,29,51,0.4,14,5,88,133,51,颗粒物(PM10)
宿州市,远航博物馆,116.9508,33.666,2026-09-08T0000,26,46,0.5,10,7,114,172,46,
宿州市,社会福利中心,116.9708,33.5911,2026-09-08T0000,34,45,0.5,25,7,78,167,49,
宿州市,皖北煤电集团,116.9647,33.6252,2026-09-08T0000,42,54,0.5,20,8,93,174,64,细颗粒物(PM2.5)
宿州市,中兴路,116.9929,33.6412,2026-09-08T0000,31,59,0.7,13,11,100,171,57,颗粒物(PM10)
绥化市,人和东街,126.9783,46.6365,2026-09-08T0000,3,6,0.2,2,11,34,46,11,
绥化市,党政办公中心,126.964,46.6527,2026-09-08T0000,3,6,0.3,2,8,36,51,12,
随州市,市委党校,113.3587,31.7275,2026-09-08T0000,15,29,0.5,5,8,110,147,35,
随州市,市林业局,113.3745,31.6926,2026-09-08T0000,17,126,0.7,12,9,98,144,103,颗粒物(PM10)
随州市,市立交桥水厂,113.3984,31.7309,2026-09-08T0000,17,30,0.6,14,6,91,136,30,
遂宁市,市监测站,105.5581,30.5231,2026-09-08T0000,49,78,0.8,16,9,76,128,78,细颗粒物(PM2.5)
遂宁市,美宁食品公司,105.5917,30.4727,2026-09-08T0000,42,58,0.8,15,10,69,121,64,细颗粒物(PM2.5)
遂宁市,环岛商务中心9号楼,105.5911,30.5368,2026-09-08T0000,50,65,0.7,15,9,76,129,80,细颗粒物(PM2.5)
塔城地区,东门外小游园,82.9993,46.7432,2026-09-08T0000,13,52,0.3,7,4,77,102,52,颗粒物(PM10)
塔城地区,文化广场,82.9716,46.7464,2026-09-08T0000,18,47,0.7,8,2,79,108,47,
台州市,黄岩环保大楼,121.2727,28.6461,2026-09-08T0000,18,28,/,13,/,96,121,30,
台州市,台州环保大楼,121.4188,28.6545,2026-09-08T0000,28,42,0.7,21,/,82,122,42,
台州市,路桥田洋王,121.3768,28.5772,2026-09-08T0000,19,30,0.7,12,6,116,127,37,
台州市,台州科技职业学院,121.25678,28.66823971,2026-09-08T0000,23,36,0.5,11,9,107,124,36,
太原市,尖草坪,112.5138,37.8916,2026-09-08T0000,15,NA,0.4,6,7,94,104,30,
太原市,晋源,112.4691,37.7125,2026-09-08T0000,6,21,0.6,8,5,95,105,30,
太原市,小店,112.5595,37.7391,2026-09-08T0000,11,14,0.9,18,5,82,98,26,
太原市,坞城,112.5705,37.8199,2026-09-08T0000,10,NA,0.9,10,10,88,98,28,
太原市,南寨,112.5495,37.9853,2026-09-08T0000,3,6,0.5,7,4,92,84,29,
太原市,金胜,112.4702,37.7821,2026-09-08T0000,7,NA,0.2,7,6,100,105,32,
太原市,育英中学,112.5608,37.8807,2026-09-08T0000,NA,NA,NA,NA,NA,NA,97,NA,NA
太原市,西矿街336号,112.449,37.8509,2026-09-08T0000,3,11,0.6,8,8,99,106,31,
太原市,迎宾北路9号,112.4792,37.9393,2026-09-08T0000,7,NA,0.4,6,5,94,99,30,
太原市,迎泽大街248号,112.551,37.8575,2026-09-08T0000,16,NA,1.0,15,10,76,94,24,
泰安市,监测站,117.1436,36.1938,2026-09-08T0000,40,61,0.4,16,11,102,191,60,细颗粒物(PM2.5)
泰安市,人口学校,117.0905,36.2002,2026-09-08T0000,19,36,0.4,13,10,108,171,36,
泰安市,电力学校,117.0992,36.1757,2026-09-08T0000,41,53,0.3,13,9,106,191,62,细颗粒物(PM2.5)
泰安市,国网新校,117.1812,36.2273,2026-09-08T0000,39,NA,0.4,9,6,101,174,58,细颗粒物(PM2.5)
泰安市,交通技校,117.0315,36.2017,2026-09-08T0000,15,32,0.3,13,7,138,202,44,
泰安市,山东第一医科大学,117.083,36.13,2026-09-08T0000,45,58,0.5,25,12,88,191,70,细颗粒物(PM2.5)
泰州市,公园路,119.9042,32.488,2026-09-08T0000,3,9,0.3,9,8,66,102,21,
泰州市,莲花,119.9189,32.4626,2026-09-08T0000,6,7,0.3,6,8,69,99,22,
泰州市,留学生创业园,119.8877,32.4636,2026-09-08T0000,6,12,0.5,6,7,74,105,24,
泰州市,王营,119.8767,32.3291,2026-09-08T0000,10,10,0.4,12,9,46,100,15,
泰州市,姜堰区政府广场,120.1226,32.515,2026-09-08T0000,6,11,0.5,8,7,65,104,21,
泰州市,周山河街区,119.9186,32.4322,2026-09-08T0000,9,14,0.4,7,9,70,102,22,
唐山市,十二中,118.1707,39.6505,2026-09-08T0000,7,8,0.2,14,3,42,119,14,
唐山市,小山,118.1868,39.6219,2026-09-08T0000,6,20,0.3,5,4,43,124,20,
唐山市,冀东油田职工医院,118.4357,39.277,2026-09-08T0000,12,27,0.3,11,1,45,114,27,
唐山市,正泰大街热力站,118.0927,39.5807,2026-09-08T0000,3,6,0.2,7,3,24,136,8,
唐山市,丰润区政府,118.1561,39.8322,2026-09-08T0000,3,23,0.6,5,6,53,104,23,
唐山市,金山小学,118.436906,39.73802,2026-09-08T0000,6,21,0.8,10,13,56,109,21,
唐山市,政府服务中心,118.2449,39.6693,2026-09-08T0000,14,41,0.4,11,2,43,119,41,
唐山市,消防缸窑路中队,118.2043,39.6703,2026-09-08T0000,3,27,0.3,11,4,35,119,27,
唐山市,路南电大,118.1432,39.6203,2026-09-08T0000,10,27,0.2,2,3,45,127,27,
唐山市,光明北路515号,118.1267,39.6579,2026-09-08T0000,3,11,0.1,8,2,50,124,16,
唐山市,友谊北路34号,118.130859,39.636026,2026-09-08T0000,8,22,0.3,8,3,45,119,22,
天津市,勤俭道,117.1446,39.1659,2026-09-08T0000,7,10,0.7,9,4,43,162,14,
天津市,前进道,117.2016,39.0928,2026-09-08T0000,6,12,0.2,6,6,44,161,14,
天津市,淮河道,117.1837,39.2134,2026-09-08T0000,6,13,0.2,8,6,40,150,13,
天津市,跃进路,117.308261,39.088386,2026-09-08T0000,7,13,0.3,9,4,40,152,13,
天津市,第四大街,117.707,39.0344,2026-09-08T0000,7,20,0.7,13,5,37,135,20,
天津市,永明路,117.4573,38.8395,2026-09-08T0000,6,19,0.9,6,4,37,139,19,
天津市,汉北路,117.7641,39.1588,2026-09-08T0000,10,21,0.8,13,3,40,144,21,
天津市,河西一经路,117.7917,39.2473,2026-09-08T0000,7,19,0.7,21,8,36,152,19,
天津市,津沽路,117.3747,38.9845,2026-09-08T0000,7,22,0.7,13,3,39,153,22,
天津市,宾水西道,117.159,39.0844,2026-09-08T0000,6,9,0.3,2,4,46,161,15,
天津市,大理道,117.194,39.1069,2026-09-08T0000,3,10,0.4,9,2,45,158,15,
天津市,中山北路,117.2096,39.1698,2026-09-08T0000,8,12,0.5,8,4,41,148,13,
天津市,西四道,117.385,39.1483,2026-09-08T0000,3,10,0.2,4,2,41,147,13,
天津市,雍阳西道,117.0362,39.3827,2026-09-08T0000,3,7,0.5,5,6,44,138,14,
天津市,辛老路,117.0291,39.0612,2026-09-08T0000,3,13,0.4,9,9,45,172,15,
天津市,地纬路,116.9638,38.9374,2026-09-08T0000,7,15,0.4,9,5,44,162,15,
天津市,北环路,117.4065,40.0583,2026-09-08T0000,3,12,0.2,7,4,22,100,12,
天津市,建设路,117.3041,39.7167,2026-09-08T0000,6,16,0.5,13,2,31,121,16,
天津市,滨水东路,117.8201,39.3519,2026-09-08T0000,3,10,0.3,6,6,41,134,13,
天津市,光华路,117.24369,39.102911,2026-09-08T0000,8,15,0.3,9,7,39,150,15,
天水市,公园小学,105.72058,34.57859,2026-09-08T0000,3,17,0.7,9,8,40,114,17,
天水市,麦积国土局,105.89428,34.55353,2026-09-08T0000,13,23,0.4,7,5,49,149,23,
铁岭市,水上乐园,123.865,42.292,2026-09-08T0000,16,18,0.6,12,5,21,48,23,
铁岭市,金沙江路北,123.7158,42.2218,2026-09-08T0000,15,22,0.5,8,10,29,47,22,
铁岭市,新华街20号,123.835,42.2853,2026-09-08T0000,19,36,0.5,11,9,28,52,36,
通化市,光明,125.9359,41.7174,2026-09-08T0000,3,8,0.3,2,5,49,102,16,
通化市,铁路,125.9446,41.7323,2026-09-08T0000,3,6,0.4,4,4,50,101,16,
通辽市,艺术职业学校,122.253,43.6801,2026-09-08T0000,8,35,0.4,10,7,42,65,35,
通辽市,老干部活动中心,122.2584,43.6333,2026-09-08T0000,6,23,0.5,11,8,34,61,23,
通辽市,东方明珠社区,122.2923,43.6189,2026-09-08T0000,6,17,0.4,9,7,51,61,17,
铜川市,王益区政府,109.0696,35.0699,2026-09-08T0000,57,71,0.9,12,4,39,152,94,细颗粒物(PM2.5)
铜川市,新区管委会,108.9345,34.9059,2026-09-08T0000,58,81,1.1,22,4,72,154,96,细颗粒物(PM2.5)
铜川市,大唐三路,108.949652,34.870529,2026-09-08T0000,60,84,1.0,14,4,74,156,100,细颗粒物(PM2.5)
铜陵市,市第四中学,117.8176,30.9412,2026-09-08T0000,14,49,0.4,13,8,90,170,49,
铜陵市,市新民污水厂,117.7806,30.9413,2026-09-08T0000,23,49,0.4,24,8,45,156,49,
铜陵市,车站新区,117.846,30.9414,2026-09-08T0000,19,43,0.5,21,7,60,172,43,
铜陵市,市职教基地,117.8472,30.9699,2026-09-08T0000,26,53,0.8,27,6,56,160,53,颗粒物(PM10)
铜仁市,铜仁卫校,109.1839,27.7344,2026-09-08T0000,30,64,0.4,15,5,37,130,60,颗粒物(PM10)
铜仁市,铜仁七中,109.1752,27.6945,2026-09-08T0000,16,23,0.4,8,7,40,114,23,
吐鲁番市,市环保局,89.1905,42.9419,2026-09-08T0000,21,69,0.4,3,5,96,110,64,颗粒物(PM10)
吐鲁番市,地区环保局,89.1674,42.9558,2026-09-08T0000,23,75,0.4,14,2,82,114,68,颗粒物(PM10)
威海市,华夏技校,122.121,37.4231,2026-09-08T0000,22,31,0.4,11,/,66,103,32,
威海市,山大分校,122.0508,37.5236,2026-09-08T0000,31,NA,/,13,/,49,106,45,
威海市,市监测站,122.1067,37.5067,2026-09-08T0000,28,32,0.5,12,4,48,106,40,
威海市,文登开发区,122.0693,37.2175,2026-09-08T0000,6,14,/,12,/,67,105,21,
威海市,临港区管委会,122.1379,37.3414,2026-09-08T0000,11,17,0.3,8,7,74,101,24,
潍坊市,环保局,119.1436,36.7022,2026-09-08T0000,13,24,0.5,12,5,77,155,25,
潍坊市,坊子邮政,119.1638,36.6524,2026-09-08T0000,15,29,0.4,9,3,79,156,29,
潍坊市,潍坊七中,119.0587,36.7209,2026-09-08T0000,11,27,0.4,8,4,76,144,27,
潍坊市,高新实验学校,119.1978,36.6871,2026-09-08T0000,14,24,0.1,13,6,70,154,24,
潍坊市,潍坊学院,119.1758,36.7139,2026-09-08T0000,18,24,0.4,13,6,70,148,26,
潍坊市,寒亭区实验一小,119.2046,36.7696,2026-09-08T0000,13,19,0.4,13,2,69,146,22,
渭南市,体育馆,109.4605,34.4927,2026-09-08T0000,52,NA,0.6,8,4,141,178,84,细颗粒物(PM2.5)
渭南市,高新一小,109.4257,34.5067,2026-09-08T0000,57,64,0.5,4,3,148,175,94,细颗粒物(PM2.5)
渭南市,桢州大街,110.4531,35.4578,2026-09-08T0000,44,58,1.2,8,13,92,143,68,细颗粒物(PM2.5)
渭南市,太史大街,110.4368,35.4773,2026-09-08T0000,41,62,1.0,12,9,90,146,62,细颗粒物(PM2.5)
渭南市,渭花路4号,109.5051,34.4921,2026-09-08T0000,39,39,0.4,8,4,139,175,58,细颗粒物(PM2.5)
温州市,瓯海,120.6342,28.0088,2026-09-08T0000,38,46,0.6,46,6,42,116,56,细颗粒物(PM2.5)
温州市,南浦,120.6747,27.9881,2026-09-08T0000,29,44,0.5,30,6,67,114,44,
温州市,龙湾,120.76,27.9745,2026-09-08T0000,22,49,0.3,29,6,65,114,49,
温州市,茶山,120.6985,27.9252,2026-09-08T0000,19,33,/,15,/,79,114,33,
温州市,鹿城惠民路,120.6935,28.0114,2026-09-08T0000,32,71,0.5,35,/,52,117,65,颗粒物(PM10)
文山壮族苗族自治州,州水务局,104.2533,23.3595,2026-09-08T0000,12,NA,0.4,9,7,50,84,18,
文山壮族苗族自治州,市便民服务中心,104.2319,23.3892,2026-09-08T0000,12,16,0.4,10,5,59,84,19,
乌海市,市林业局,106.8172,39.6972,2026-09-08T0000,3,25,0.5,4,2,47,69,25,
乌海市,中海勃湾学校,106.7907,39.6666,2026-09-08T0000,3,17,0.5,5,2,45,79,17,
乌海市,海北新区,106.8129,39.7274,2026-09-08T0000,3,16,0.6,7,4,42,63,16,
乌海市,海拉北路,106.8212,39.6741,2026-09-08T0000,3,14,0.5,1,11,39,76,14,
乌兰察布市,集宁新区,113.1306,40.9924,2026-09-08T0000,10,20,0.3,10,28,57,80,20,
乌兰察布市,光明街小学,113.1076,41.0385,2026-09-08T0000,8,25,0.5,20,7,41,70,25,
乌兰察布市,北京八中,113.1383,40.9513,2026-09-08T0000,9,24,0.3,8,55,54,75,24,
乌兰察布市,市委党校,113.1776,40.9779,2026-09-08T0000,7,16,0.3,10,27,56,79,18,
乌鲁木齐市,监测站,87.5796,43.8299,2026-09-08T0000,13,66,0.7,67,2,32,109,62,颗粒物(PM10)
乌鲁木齐市,收费所,87.6044,43.7679,2026-09-08T0000,14,61,0.3,27,1,73,110,58,颗粒物(PM10)
乌鲁木齐市,铁路局,87.5529,43.8704,2026-09-08T0000,25,59,0.8,89,7,13,108,57,颗粒物(PM10)
乌鲁木齐市,三十一中学,87.6408,43.8258,2026-09-08T0000,11,67,0.6,9,5,107,111,63,颗粒物(PM10)
乌鲁木齐市,米东区环保局,87.7218,44.1747,2026-09-08T0000,15,38,0.3,3,10,76,110,38,
乌鲁木齐市,培训基地,87.4652,43.4569,2026-09-08T0000,3,36,0.4,9,4,94,119,36,
乌鲁木齐市,达坂城区环保局,88.3088,43.3637,2026-09-08T0000,17,36,0.2,5,10,NA,119,NA,NA
乌鲁木齐市,红光山片区,87.6132,43.8791,2026-09-08T0000,18,48,0.4,80,2,28,105,48,
乌鲁木齐市,新师大温泉校区,87.7008,43.8003,2026-09-08T0000,8,63,0.3,2,8,117,116,60,颗粒物(PM10)
乌鲁木齐市,大绿谷,87.4892,43.84,2026-09-08T0000,8,69,0.5,67,2,30,109,64,颗粒物(PM10)
无锡市,雪浪,120.2693,31.4864,2026-09-08T0000,3,19,0.2,15,6,67,124,21,
无锡市,黄巷,120.2761,31.621,2026-09-08T0000,6,24,1.4,26,8,51,97,24,
无锡市,漆塘,120.2422,31.5037,2026-09-08T0000,3,23,0.5,12,7,76,126,24,
无锡市,东亭,120.3489,31.5865,2026-09-08T0000,7,14,0.6,29,7,50,110,16,
无锡市,旺庄,120.3538,31.5474,2026-09-08T0000,7,14,0.7,16,7,68,123,22,
无锡市,荣巷,120.2447,31.5633,2026-09-08T0000,6,17,0.7,20,7,59,114,19,
无锡市,堰桥,120.2986,31.6816,2026-09-08T0000,10,19,0.7,15,6,67,108,21,
无锡市,清舒道1号,120.3138,31.4927,2026-09-08T0000,8,23,0.5,15,4,61,116,23,
无锡市,健康路105号,120.2925,31.5685,2026-09-08T0000,3,16,0.5,15,6,64,113,20,
吴忠市,教育园区,106.1535,37.9648,2026-09-08T0000,3,6,0.6,11,4,28,59,9,
吴忠市,新区二泵站,106.1851,37.9957,2026-09-08T0000,13,NA,0.6,12,6,28,59,19,
吴忠市,文卫南街,106.2176,37.9832,2026-09-08T0000,7,23,0.7,13,5,29,62,23,
芜湖市,监测站,118.3603,31.3515,2026-09-08T0000,32,40,0.6,55,10,47,150,46,
芜湖市,科创中心,118.3716,31.4135,2026-09-08T0000,30,61,0.7,82,12,18,149,58,颗粒物(PM10)
芜湖市,四水厂,118.3671,31.3132,2026-09-08T0000,20,37,0.6,40,8,70,152,37,
芜湖市,市气象局,118.4209,31.3704,2026-09-08T0000,19,40,0.6,28,7,67,139,40,
芜湖市,清苑社区,118.4783,31.3226,2026-09-08T0000,17,37,0.6,50,6,48,127,37,
芜湖市,扬子职业技术学院,118.2746,31.2326,2026-09-08T0000,22,41,0.4,46,5,36,152,41,
芜湖市,湾沚区人民法院,118.5726,31.1371,2026-09-08T0000,28,32,0.4,24,4,31,129,40,
梧州市,市十一中,111.3126,23.4772,2026-09-08T0000,20,33,0.6,32,8,0,80,33,
梧州市,龙新,111.26,23.4794,2026-09-08T0000,20,52,0.6,31,9,2,86,52,颗粒物(PM10)
梧州市,政贤路18号,111.2416,23.4155,2026-09-08T0000,29,54,0.6,49,10,3,103,53,颗粒物(PM10)
五家渠市,农水大厦,87.5352,44.1606,2026-09-08T0000,15,31,0.5,7,7,77,109,31,
五家渠市,经开区管委会,87.5461,44.1909,2026-09-08T0000,14,40,0.4,9,4,80,107,40,
五家渠市,建设西街760号,87.055284,43.999117,2026-09-08T0000,28,87,0.3,46,4,23,109,77,颗粒物(PM10)
武汉市,东湖梨园,114.3676,30.5584,2026-09-08T0000,32,59,0.7,30,10,98,181,57,颗粒物(PM10)
武汉市,汉阳月湖,114.2527,30.5578,2026-09-08T0000,35,53,0.7,22,4,120,173,53,颗粒物(PM10)
武汉市,汉口花桥,114.2819,30.6189,2026-09-08T0000,36,56,0.4,16,8,146,203,55,颗粒物(PM10)
武汉市,武昌紫阳,114.3024,30.5332,2026-09-08T0000,33,60,0.6,31,9,98,165,58,颗粒物(PM10)
武汉市,青山钢花,114.3646,30.6217,2026-09-08T0000,47,66,0.8,39,10,87,198,74,细颗粒物(PM2.5)
武汉市,沌口新区,114.156697,30.482592,2026-09-08T0000,40,53,0.4,28,11,159,180,60,细颗粒物(PM2.5)
武汉市,汉口江滩,114.3013,30.5944,2026-09-08T0000,39,61,0.7,145,5,3,193,73,二氧化氮(NO2)
武汉市,吴家山,114.1285,30.6339,2026-09-08T0000,42,45,0.6,21,8,128,191,64,细颗粒物(PM2.5)
武汉市,民族大道182号,114.3876,30.4908,2026-09-08T0000,31,50,0.6,35,6,92,178,50,
武威市,监测站,102.6203,37.925,2026-09-08T0000,3,NA,0.1,3,8,60,61,19,
武威市,钟楼街149号,102.6447,37.9293,2026-09-08T0000,3,NA,0.1,3,8,55,59,18,
西安市,兴庆小区,108.9931,34.2629,2026-09-08T0000,67,77,0.8,22,5,83,196,107,细颗粒物(PM2.5)
西安市,纺织城,109.0595,34.2569,2026-09-08T0000,68,81,0.9,29,2,75,178,108,细颗粒物(PM2.5)
西安市,小寨,108.9377,34.2178,2026-09-08T0000,62,88,0.9,18,3,77,188,102,细颗粒物(PM2.5)
西安市,市人民体育场,108.9522,34.2739,2026-09-08T0000,62,83,0.9,21,5,85,207,102,细颗粒物(PM2.5)
西安市,高新西区,108.8923,34.2322,2026-09-08T0000,64,108,0.5,15,6,86,203,104,细颗粒物(PM2.5)
西安市,经开区,108.9386,34.3446,2026-09-08T0000,73,104,0.8,18,4,71,176,112,细颗粒物(PM2.5)
西安市,长安区,108.894,34.1557,2026-09-08T0000,59,68,0.9,16,3,87,180,98,细颗粒物(PM2.5)
西安市,临潼区,109.213,34.3748,2026-09-08T0000,68,NA,1.0,11,3,131,170,108,细颗粒物(PM2.5)
西安市,广运潭,109.0508,34.321,2026-09-08T0000,68,80,0.9,22,5,100,168,108,细颗粒物(PM2.5)
西安市,无线电监控中心,109.1019,34.5302,2026-09-08T0000,67,72,1.0,16,6,119,162,107,细颗粒物(PM2.5)
西安市,行知小学,108.8869,34.2662,2026-09-08T0000,68,96,0.8,20,4,73,192,108,细颗粒物(PM2.5)
西安市,西苑北路977号,108.596239,34.118792,2026-09-08T0000,40,66,0.7,14,6,86,164,62,颗粒物(PM10)
西安市,曲江池东路988号,108.9817,34.2035,2026-09-08T0000,63,85,0.8,16,4,84,194,103,细颗粒物(PM2.5)
西宁市,城北区政府,101.7775,36.643,2026-09-08T0000,6,11,0.8,12,10,59,87,19,
西宁市,世纪职校,101.8304,36.5785,2026-09-08T0000,12,NA,0.6,9,7,51,84,18,
西宁市,海晏路105号,101.6769,36.6535,2026-09-08T0000,10,NA,0.4,6,4,59,88,19,
西双版纳傣族自治州,景洪市江南,100.8018,21.9995,2026-09-08T0000,15,29,0.8,6,8,11,42,29,
西双版纳傣族自治州,景洪市江北,100.7995,22.0238,2026-09-08T0000,6,33,0.7,8,9,13,42,33,
锡林郭勒盟,市环保监测站,116.1048,43.9318,2026-09-08T0000,3,29,0.3,16,2,40,61,29,
锡林郭勒盟,市政府,116.0778,43.9312,2026-09-08T0000,8,22,0.2,14,1,41,64,22,
厦门市,洪文,118.1519,24.4768,2026-09-08T0000,13,22,0.4,7,2,106,128,34,
厦门市,鼓浪屿,118.0671,24.4447,2026-09-08T0000,11,19,/,5,2,105,126,33,
厦门市,湖里中学,118.0937,24.5054,2026-09-08T0000,13,22,0.4,4,1,107,129,34,
厦门市,集美中学,118.0961,24.5689,2026-09-08T0000,14,26,0.3,7,2,110,143,35,
厦门市,同安二实小,118.1502,24.7246,2026-09-08T0000,16,17,0.6,4,2,101,139,32,
咸宁市,长江产业园,114.3379,29.8683,2026-09-08T0000,24,35,0.3,15,4,50,130,35,
咸宁市,双鹤路18号,114.3182,29.8447,2026-09-08T0000,25,40,0.4,19,7,44,138,40,
咸宁市,碧桂路,114.284,29.8595,2026-09-08T0000,23,34,0.5,14,3,56,143,34,
咸阳市,实验中学,108.6726,34.315,2026-09-08T0000,76,110,0.8,24,8,58,190,115,细颗粒物(PM2.5)
咸阳市,师范学院,108.7226,34.3622,2026-09-08T0000,81,89,0.7,24,8,59,179,120,细颗粒物(PM2.5)
咸阳市,奥体中心,108.6394,34.408,2026-09-08T0000,69,72,0.7,14,4,62,174,109,细颗粒物(PM2.5)
咸阳市,五陵塬路2号,108.6601,34.3767,2026-09-08T0000,73,96,0.8,29,6,51,176,112,细颗粒物(PM2.5)
咸阳市,胭脂路9号,108.6372,34.3031,2026-09-08T0000,72,96,0.9,21,3,54,185,111,细颗粒物(PM2.5)
咸阳市,杨扶路,108.0371,34.3035,2026-09-08T0000,20,NA,0.4,6,3,47,141,29,
咸阳市,新桥路,108.0895,34.2623,2026-09-08T0000,20,20,0.4,14,4,46,150,29,
湘潭市,板塘,112.9508,27.8626,2026-09-08T0000,46,74,0.6,87,9,3,167,72,细颗粒物(PM2.5)
湘潭市,市监测站,112.9114,27.8404,2026-09-08T0000,51,NA,0.6,37,4,56,155,82,细颗粒物(PM2.5)
湘潭市,江麓,112.8935,27.8729,2026-09-08T0000,48,70,0.4,17,6,79,154,76,细颗粒物(PM2.5)
湘潭市,岳塘,112.9227,27.8159,2026-09-08T0000,48,84,0.6,55,8,0,165,76,细颗粒物(PM2.5)
湘潭市,科大,112.9073,27.9118,2026-09-08T0000,54,69,0.6,22,7,70,161,88,细颗粒物(PM2.5)
湘潭市,昭山,113.0048,27.9153,2026-09-08T0000,34,48,0.7,50,7,14,156,49,
湘西土家族苗族自治州,州政府,109.7298,28.3164,2026-09-08T0000,24,35,0.5,6,3,49,128,35,
湘西土家族苗族自治州,吉首市计生局,109.6957,28.2676,2026-09-08T0000,31,NA,0.3,10,5,56,144,45,
襄阳市,襄城运动路,112.1555,32.0197,2026-09-08T0000,29,56,0.7,30,7,53,155,55,颗粒物(PM10)
襄阳市,高新管委会,112.1829,32.1146,2026-09-08T0000,33,79,0.6,66,10,42,159,71,颗粒物(PM10)
襄阳市,襄州航空路,112.2105,32.0903,2026-09-08T0000,28,57,0.7,22,7,56,156,55,颗粒物(PM10)
襄阳市,襄城隆中路,112.0764,32.0089,2026-09-08T0000,16,38,0.5,14,8,108,147,38,
襄阳市,高新台子湾,112.1154,32.103,2026-09-08T0000,40,80,0.7,40,8,54,166,72,颗粒物(PM10)
襄阳市,铁院东路4号,112.1433,32.0581,2026-09-08T0000,34,90,0.4,52,10,51,166,79,颗粒物(PM10)
孝感市,东城区,113.9062,30.9378,2026-09-08T0000,51,94,0.8,21,8,110,176,82,"颗粒物(PM10),细颗粒物(PM2.5)"
孝感市,天仙南路1号,113.946,30.8999,2026-09-08T0000,49,78,0.6,13,6,110,180,78,细颗粒物(PM2.5)
忻州市,开发区,112.7313,38.457,2026-09-08T0000,11,14,0.6,6,5,103,87,33,
忻州市,会展中心,112.7023,38.4932,2026-09-08T0000,14,18,0.7,7,4,77,80,25,
忻州市,市政府,112.7279,38.4157,2026-09-08T0000,10,10,0.6,7,4,100,90,32,
辛集市,市政府,115.2124,37.9433,2026-09-08T0000,24,39,0.3,10,1,108,162,39,
辛集市,城管大队,115.2008,37.9338,2026-09-08T0000,23,42,0.5,7,3,100,153,42,
新乡市,环保西院,113.836,35.3104,2026-09-08T0000,33,56,0.7,16,11,140,215,55,颗粒物(PM10)
新乡市,开发区,113.8847,35.2724,2026-09-08T0000,33,58,0.7,21,10,115,211,56,颗粒物(PM10)
新乡市,环保东院,113.8836,35.3028,2026-09-08T0000,39,71,0.6,12,9,131,216,65,颗粒物(PM10)
新乡市,市委党校,113.9194,35.2847,2026-09-08T0000,50,59,0.9,32,7,100,219,80,细颗粒物(PM2.5)
新乡市,市政府,113.9189,35.3042,2026-09-08T0000,49,84,0.6,23,6,99,206,78,细颗粒物(PM2.5)
新乡市,行政服务中心,113.9002,35.372,2026-09-08T0000,48,72,0.6,12,9,107,201,76,细颗粒物(PM2.5)
新乡市,建设东路46号,113.916569,35.331547,2026-09-08T0000,50,76,0.7,27,9,97,194,80,细颗粒物(PM2.5)
新余市,飞宇,114.9887,27.8433,2026-09-08T0000,30,40,0.4,26,8,72,153,43,
新余市,第二水厂,114.9234,27.8248,2026-09-08T0000,30,52,0.7,19,5,110,154,52,颗粒物(PM10)
新余市,市气象局,114.931,27.8037,2026-09-08T0000,40,46,0.8,18,10,102,156,60,细颗粒物(PM2.5)
新余市,新钢沁园村,114.9148,27.8069,2026-09-08T0000,25,33,0.3,14,7,109,154,36,
信阳市,平桥分局,114.1096,32.1059,2026-09-08T0000,15,41,0.4,16,8,92,138,41,
信阳市,南湾水厂,113.9956,32.1272,2026-09-08T0000,18,32,0.6,9,7,98,136,32,
信阳市,市酿酒公司,114.078,32.1194,2026-09-08T0000,13,48,0.4,18,7,87,129,48,
信阳市,审计局,114.0712,32.1393,2026-09-08T0000,22,33,0.4,16,9,98,142,33,
兴安盟,洮儿河南路,122.0921,46.065,2026-09-08T0000,6,41,0.5,19,3,6,53,41,
兴安盟,科尔沁北路63号,122.0383,46.0691,2026-09-08T0000,10,26,0.2,13,6,14,54,26,
邢台市,达活泉,114.4687,37.0883,2026-09-08T0000,35,60,0.5,4,1,115,179,58,颗粒物(PM10)
邢台市,邢师高专,114.4954,37.0309,2026-09-08T0000,38,69,0.7,7,3,104,172,64,颗粒物(PM10)
邢台市,路桥公司,114.5281,37.0857,2026-09-08T0000,38,57,0.4,6,2,98,163,56,细颗粒物(PM2.5)
邢台市,市环保局,114.4721,37.0713,2026-09-08T0000,34,66,0.3,8,3,112,177,62,颗粒物(PM10)
邢台市,襄都区政府南院,114.5558,37.0578,2026-09-08T0000,46,82,0.7,9,2,103,174,73,颗粒物(PM10)
徐州市,新城区,117.257,34.2161,2026-09-08T0000,28,46,0.7,11,9,89,162,46,
徐州市,农科院,117.2933,34.2796,2026-09-08T0000,32,39,0.9,9,8,95,157,46,
徐州市,鼓楼区政府,117.1812,34.29,2026-09-08T0000,30,42,0.7,9,5,97,161,43,
徐州市,铜山区招生办,117.1693,34.1781,2026-09-08T0000,32,61,0.6,21,8,79,170,58,颗粒物(PM10)
徐州市,大泉街道,117.4619,34.4368,2026-09-08T0000,30,44,0.5,11,4,95,176,44,
徐州市,纺织东路16号,117.1553,34.2567,2026-09-08T0000,38,58,0.7,12,6,107,167,56,"颗粒物(PM10),细颗粒物(PM2.5)"
徐州市,解放南路202号,117.194237,34.229354,2026-09-08T0000,35,57,0.7,20,10,87,164,55,颗粒物(PM10)
徐州市,龙潭环路5号,117.2438,34.2844,2026-09-08T0000,38,46,0.8,10,8,93,161,56,细颗粒物(PM2.5)
许昌市,开发区,113.7904,33.9949,2026-09-08T0000,56,118,0.4,43,5,40,168,99,颗粒物(PM10)
许昌市,市一中,113.8172,34.0339,2026-09-08T0000,43,75,0.7,26,8,71,159,68,颗粒物(PM10)
许昌市,许昌学院,113.8611,34.0443,2026-09-08T0000,47,81,0.5,26,10,88,173,74,细颗粒物(PM2.5)
许昌市,芙蓉广场,113.8428,34.0825,2026-09-08T0000,63,109,0.8,36,8,44,172,103,细颗粒物(PM2.5)
许昌市,新元大道996号,113.8157285,34.126705,2026-09-08T0000,53,103,0.6,32,5,46,167,88,颗粒物(PM10)
许昌市,望田路111号,113.835877,34.0155267,2026-09-08T0000,55,94,0.6,34,7,62,170,90,细颗粒物(PM2.5)
宣城市,鳌峰子站,118.7578,30.9457,2026-09-08T0000,11,30,0.4,28,5,22,119,30,
宣城市,敬亭山子站,118.7384,30.9745,2026-09-08T0000,6,16,0.3,8,4,62,113,20,
宣城市,开发区子站,118.7172,30.9428,2026-09-08T0000,24,54,0.5,55,5,8,124,53,颗粒物(PM10)
雅安市,市政府,103.011,29.9833,2026-09-08T0000,22,28,0.5,5,5,44,69,32,
雅安市,川农大,102.9907,29.9778,2026-09-08T0000,22,28,0.5,7,6,39,65,32,
雅安市,滨江西路,103.0544,30.0133,2026-09-08T0000,22,28,0.3,5,4,44,83,32,
烟台市,开发区,121.2517,37.564,2026-09-08T0000,12,39,0.6,7,5,60,113,39,
烟台市,西郊化工站,121.3181,37.5436,2026-09-08T0000,15,24,0.7,8,6,58,108,24,
烟台市,莱山环保局,121.4419,37.4858,2026-09-08T0000,18,27,0.4,12,3,52,111,27,
烟台市,福山环保局,121.2619,37.4965,2026-09-08T0000,13,29,0.3,6,2,60,109,29,
烟台市,牟平检察院,121.5989,37.4016,2026-09-08T0000,21,31,0.4,9,5,55,112,31,
烟台市,中国农业大学,121.5202,37.4336,2026-09-08T0000,21,34,0.3,7,7,57,114,34,
烟台市,青年南路118号,121.364239,37.529648,2026-09-08T0000,16,22,0.4,10,7,61,106,23,
延安市,延大医附院,109.4569,36.6161,2026-09-08T0000,20,27,0.8,11,3,48,60,29,
延安市,百米大道,109.5053,36.6105,2026-09-08T0000,28,44,0.9,14,4,44,76,44,
延安市,志丹路,109.485,36.6347,2026-09-08T0000,13,17,0.7,7,3,72,86,23,
延边朝鲜族自治州,妇幼医院,129.4704,42.8885,2026-09-08T0000,3,7,0.7,3,7,44,69,14,
延边朝鲜族自治州,延边医院,129.5047,42.9117,2026-09-08T0000,3,9,0.8,2,4,40,71,13,
延边朝鲜族自治州,朝阳川镇医院,129.395,42.8884,2026-09-08T0000,3,12,0.8,3,9,46,70,15,
盐城市,市监测站,120.1554,33.3941,2026-09-08T0000,3,17,0.6,14,6,77,94,25,
盐城市,开发区管委会,120.214332,33.37951,2026-09-08T0000,7,16,0.5,8,10,60,85,19,
盐城市,宝龙广场,120.1543,33.3664,2026-09-08T0000,11,14,0.4,7,9,62,84,20,
盐城市,月亮广场,120.1518,33.3369,2026-09-08T0000,8,13,0.2,6,10,70,89,22,
盐城市,大丰高级中学,120.4283,33.2048,2026-09-08T0000,11,12,0.2,8,8,59,93,19,
盐城市,黄海中路88号,120.12211,33.393982,2026-09-08T0000,11,19,0.5,7,9,70,97,22,
扬州市,邗江监测站,119.3895,32.377,2026-09-08T0000,8,12,0.4,10,7,74,112,24,
扬州市,五台山医院,119.4472,32.4156,2026-09-08T0000,9,17,0.6,10,6,68,115,22,
扬州市,广陵建设局,119.4682,32.394,2026-09-08T0000,8,21,0.2,22,8,53,112,21,
扬州市,市体育局,119.3649,32.3961,2026-09-08T0000,6,19,0.3,7,8,74,112,24,
扬州市,引江管理处,119.565282,32.422263,2026-09-08T0000,11,18,0.5,10,4,63,100,20,
扬州市,廖家沟步道,119.5202,32.3705,2026-09-08T0000,6,14,0.3,16,6,62,110,20,
阳江市,马南垌,111.9491,21.8658,2026-09-08T0000,12,14,0.7,5,6,72,93,23,
阳江市,两阳中学,111.9785,21.8954,2026-09-08T0000,10,19,0.7,32,/,19,104,19,
阳江市,阳东陶然,112.0125,21.8749,2026-09-08T0000,17,NA,0.6,14,5,57,109,25,
阳泉市,赛鱼,113.4894,37.8717,2026-09-08T0000,15,23,0.6,10,7,110,107,35,
阳泉市,南庄,113.582,37.8473,2026-09-08T0000,24,30,1.0,10,11,121,130,38,
阳泉市,平坦,113.5616,37.8706,2026-09-08T0000,16,28,0.9,6,10,116,126,37,
阳泉市,大阳泉,113.5115,37.8391,2026-09-08T0000,8,9,0.7,8,4,111,124,35,
阳泉市,龙柱,113.6169,37.8565,2026-09-08T0000,29,NA,0.8,7,1,122,117,42,
阳泉市,宁波路,113.588,37.8712,2026-09-08T0000,39,NA,0.8,8,5,112,121,58,细颗粒物(PM2.5)
伊春市,环保局,128.8663,47.7199,2026-09-08T0000,6,25,0.6,5,3,10,33,25,
伊春市,电力嘉园,128.9014,47.732,2026-09-08T0000,6,29,0.8,3,2,16,42,29,
伊春市,中心小学,128.7948,47.7291,2026-09-08T0000,10,29,0.6,4,2,3,41,29,
伊春市,检察院,128.6736,47.729,2026-09-08T0000,3,18,0.2,2,3,28,45,18,
伊春市,永安路4-1号,128.8325,47.8447,2026-09-08T0000,11,15,0.2,2,2,19,39,16,
伊犁哈萨克自治州,新政府片区,81.3002,43.9177,2026-09-08T0000,33,70,1.1,53,7,35,105,65,颗粒物(PM10)
伊犁哈萨克自治州,第二水厂,81.3364,43.9409,2026-09-08T0000,21,84,0.7,23,7,45,106,75,颗粒物(PM10)
伊犁哈萨克自治州,安徽路800号,81.2737,43.9337,2026-09-08T0000,41,96,1.4,86,8,8,109,83,颗粒物(PM10)
宜宾市,市委,104.6204,28.7728,2026-09-08T0000,55,74,NA,12,10,93,102,NA,NA
宜宾市,宜宾四中,104.6056,28.7931,2026-09-08T0000,60,83,1.0,8,9,99,105,100,细颗粒物(PM2.5)
宜宾市,黄金嘴,104.5743,28.7199,2026-09-08T0000,69,92,0.8,14,10,60,106,109,细颗粒物(PM2.5)
宜宾市,白酒学院,104.6701,28.8053,2026-09-08T0000,66,78,0.8,12,7,95,112,106,细颗粒物(PM2.5)
宜宾市,宜宾市职业技术学校,104.6146,28.7422,2026-09-08T0000,69,74,1.0,10,6,102,115,109,细颗粒物(PM2.5)
宜昌市,白龙岗,111.2991,30.6981,2026-09-08T0000,35,51,0.6,20,6,85,184,51,颗粒物(PM10)
宜昌市,点军区,111.263451,30.696754,2026-09-08T0000,48,NA,0.5,16,6,85,182,76,细颗粒物(PM2.5)
宜昌市,夷陵区,111.3276,30.782,2026-09-08T0000,48,48,0.4,15,6,102,185,76,细颗粒物(PM2.5)
宜昌市,猇亭区张家湾站,111.4606,30.5519,2026-09-08T0000,34,53,0.4,10,13,113,166,53,颗粒物(PM10)
宜昌市,西陵二路116号,111.3168,30.7203,2026-09-08T0000,32,58,0.8,23,7,85,192,56,颗粒物(PM10)
宜昌市,沈家店路6号,111.3526,30.6374,2026-09-08T0000,32,63,0.5,35,8,60,160,60,颗粒物(PM10)
宜春市,市石油公司,114.3954,27.7843,2026-09-08T0000,28,43,0.8,12,8,44,93,43,
宜春市,市气象局,114.37,27.7916,2026-09-08T0000,26,43,0.7,9,2,63,124,43,
宜春市,市广电局,114.401,27.8059,2026-09-08T0000,30,48,0.5,16,5,49,126,48,
宜春市,宜春学院北校区,114.375,27.8096,2026-09-08T0000,21,52,0.6,15,6,49,116,52,颗粒物(PM10)
益阳市,市环保局,112.3458,28.581,2026-09-08T0000,52,57,1.0,66,6,16,148,84,细颗粒物(PM2.5)
益阳市,龙洲站,112.3571,28.5588,2026-09-08T0000,46,68,1.2,39,8,19,151,72,细颗粒物(PM2.5)
益阳市,幸福渠东路223号,112.3425,28.611,2026-09-08T0000,60,76,0.9,23,14,32,140,100,细颗粒物(PM2.5)
益阳市,益鑫泰路85号,112.3712,28.5764,2026-09-08T0000,67,NA,NA,29,10,26,134,107,细颗粒物(PM2.5)
银川市,学院路,106.1361,38.5039,2026-09-08T0000,3,12,0.3,7,3,43,72,14,
银川市,水乡路,106.2266,38.4417,2026-09-08T0000,7,24,0.5,9,4,42,79,24,
银川市,上海东路,106.2758,38.4841,2026-09-08T0000,3,10,0.5,10,6,35,68,11,
银川市,文昌北街,106.1016,38.4971,2026-09-08T0000,3,14,0.4,7,3,42,75,14,
银川市,滨河新区,106.5105,38.3857,2026-09-08T0000,12,NA,0.5,11,6,40,63,18,
银川市,广场西路,106.226373,38.491976,2026-09-08T0000,NA,NA,NA,NA,NA,NA,73,NA,NA
鹰潭市,新监测站,117.0561,28.2641,2026-09-08T0000,26,50,0.3,7,4,83,140,50,
鹰潭市,财苑宾馆,117.0312,28.2474,2026-09-08T0000,26,58,/,3,4,67,141,56,颗粒物(PM10)
鹰潭市,体育馆,117.0221,28.2263,2026-09-08T0000,30,68,0.6,28,7,32,136,63,颗粒物(PM10)
营口市,大庆路,122.2704,40.7093,2026-09-08T0000,27,31,0.8,12,6,41,47,39,
营口市,镜湖西路,122.215,40.6511,2026-09-08T0000,14,27,0.5,12,3,35,46,27,
营口市,西炮台,122.1667,40.665,2026-09-08T0000,21,34,0.4,10,4,37,48,34,
营口市,鲅鱼圈市民活动中心,122.1122,40.2275,2026-09-08T0000,14,26,0.7,8,9,44,58,26,
营口市,三高中,122.2469,40.663,2026-09-08T0000,19,26,0.5,6,9,42,49,28,
营口市,老边实验小学,122.3622,40.6762,2026-09-08T0000,17,19,0.7,7,7,48,58,25,
永州市,市环境监测站,111.6126,26.4266,2026-09-08T0000,45,61,1.0,18,6,43,120,70,细颗粒物(PM2.5)
永州市,永州市环保局,111.6248,26.3803,2026-09-08T0000,37,56,0.7,11,7,50,124,55,颗粒物(PM10)
永州市,冷水滩区环保局,111.5989,26.4523,2026-09-08T0000,42,61,1.0,14,6,49,118,64,细颗粒物(PM2.5)
永州市,徐家井路86号,111.6195,26.2253,2026-09-08T0000,35,59,0.9,13,7,37,116,57,颗粒物(PM10)
榆林市,世纪广场,109.7445,38.2919,2026-09-08T0000,25,NA,0.7,20,9,42,107,36,
榆林市,实验中学,109.729,38.2837,2026-09-08T0000,23,NA,0.7,18,7,47,108,33,
榆林市,环保监测大楼,109.7347,38.2491,2026-09-08T0000,23,NA,0.6,16,8,56,105,33,
玉林市,南江一中,110.1433,22.6162,2026-09-08T0000,20,47,0.6,35,6,30,107,47,
玉林市,玉林师范学院东校区,110.1951,22.6832,2026-09-08T0000,17,26,0.5,15,3,28,112,26,
玉林市,福绵环保局,110.0527,22.5894,2026-09-08T0000,26,28,0.8,19,4,42,117,38,
玉林市,人民东路196号,110.16795,22.640993,2026-09-08T0000,34,35,0.9,26,4,20,101,49,
玉树藏族自治州,玉树县结古镇,97.0386,33.0138,2026-09-08T0000,3,13,0.5,34,4,17,72,17,
玉溪市,东风水库,102.575,24.371,2026-09-08T0000,12,33,0.5,8,13,86,96,33,
玉溪市,玉溪一中,102.5388,24.3703,2026-09-08T0000,14,24,0.3,10,10,81,87,26,
玉溪市,文体中心,102.5382,24.339,2026-09-08T0000,17,NA,0.3,6,9,82,86,26,
岳阳市,城陵矶,113.1494,29.425,2026-09-08T0000,49,89,1.0,56,5,56,169,78,"颗粒物(PM10),细颗粒物(PM2.5)"
岳阳市,开发区,113.1493,29.3575,2026-09-08T0000,53,68,NA,NA,NA,NA,172,NA,NA
岳阳市,云溪区,113.2672,29.4752,2026-09-08T0000,45,69,0.9,13,8,59,191,70,细颗粒物(PM2.5)
岳阳市,君山区,112.9944,29.44,2026-09-08T0000,47,54,0.6,27,6,88,179,74,细颗粒物(PM2.5)
岳阳市,求索西路365号,113.108806,29.353066,2026-09-08T0000,45,68,0.7,31,5,55,150,70,细颗粒物(PM2.5)
云浮市,牧羊,112.0281,22.9738,2026-09-08T0000,23,33,0.7,37,16,12,84,33,
云浮市,文笔,112.0335,22.9376,2026-09-08T0000,22,37,0.5,10,5,45,93,37,
运城市,运城中学,110.996,35.0148,2026-09-08T0000,39,59,0.7,8,7,174,166,68,臭氧1小时(O3_1h)
运城市,地区技校,110.9685,35.0305,2026-09-08T0000,37,66,0.5,8,6,174,164,68,臭氧1小时(O3_1h)
运城市,水利职院,111.0279,35.0543,2026-09-08T0000,32,61,0.7,7,7,164,159,58,颗粒物(PM10)
运城市,禹都公园,111.0522,35.0439,2026-09-08T0000,32,56,0.6,6,8,182,174,78,臭氧1小时(O3_1h)
运城市,学苑北路2555号,111.0081,35.0748,2026-09-08T0000,35,60,0.7,13,6,154,164,58,颗粒物(PM10)
枣庄市,市中区政府,117.5628,34.8379,2026-09-08T0000,55,90,0.4,20,7,89,195,90,细颗粒物(PM2.5)
枣庄市,薛城环保局,117.2855,34.7838,2026-09-08T0000,63,85,0.8,34,7,79,190,103,细颗粒物(PM2.5)
枣庄市,峄城区政府,117.5854,34.7744,2026-09-08T0000,62,100,0.4,18,7,90,194,102,细颗粒物(PM2.5)
枣庄市,山亭区环保局,117.4516,35.0992,2026-09-08T0000,56,83,1.0,17,9,111,193,92,细颗粒物(PM2.5)
枣庄市,市环保局,117.316,34.8106,2026-09-08T0000,52,78,0.8,17,10,99,183,84,细颗粒物(PM2.5)
枣庄市,文化路178号,117.7325,34.5683,2026-09-08T0000,39,70,1.2,16,6,92,184,65,颗粒物(PM10)
湛江市,湛江影剧院,110.3648,21.2697,2026-09-08T0000,17,24,0.5,15,8,64,106,25,
湛江市,市环境监测站,110.3907,21.2279,2026-09-08T0000,14,18,0.6,14,7,64,102,20,
湛江市,环保局宿舍,110.3936,21.1943,2026-09-08T0000,18,NA,/,14,7,74,107,26,
湛江市,霞山游泳场,110.4138,21.2033,2026-09-08T0000,10,15,/,13,7,73,100,23,
湛江市,坡头区环保局,110.4512,21.239,2026-09-08T0000,14,14,0.6,8,7,76,108,24,
张家界市,永定新区,110.532,29.1219,2026-09-08T0000,36,46,/,11,/,59,153,52,细颗粒物(PM2.5)
张家界市,电业局,110.4696,29.1244,2026-09-08T0000,55,NA,0.7,24,1,55,158,90,细颗粒物(PM2.5)
张家界市,未央路,110.5573,29.3486,2026-09-08T0000,NA,NA,NA,NA,NA,NA,150,NA,NA
张家口市,人民公园,114.8884,40.8336,2026-09-08T0000,12,15,0.3,9,1,41,66,18,
张家口市,五金库,114.868581,40.804273,2026-09-08T0000,7,18,/,12,/,37,68,18,
张家口市,世纪豪园,114.8901,40.762,2026-09-08T0000,3,8,0.4,19,5,13,66,10,
张家口市,烟厂,114.878,40.7992,2026-09-08T0000,15,NA,/,13,/,34,66,22,
张家口市,青少年活动中心,115.2772,40.9723,2026-09-08T0000,13,NA,0.2,3,2,63,91,20,
张掖市,润泉湖,100.4699,38.9525,2026-09-08T0000,7,NA,0.3,6,2,77,75,25,
张掖市,区工会,100.4155,38.9422,2026-09-08T0000,6,NA,0.3,8,7,77,81,25,
漳州市,蓝田镇,117.71,24.5048,2026-09-08T0000,15,31,0.4,9,6,108,124,34,
漳州市,漳州党校,117.662,24.5187,2026-09-08T0000,11,28,/,8,/,114,128,36,
漳州市,西洋坪路,117.6288,24.5309,2026-09-08T0000,11,22,0.5,5,5,98,119,31,
昭通市,监测站,103.7668,27.3736,2026-09-08T0000,22,32,0.5,12,4,80,100,32,
昭通市,环东路146号,103.7247,27.3415,2026-09-08T0000,24,31,0.5,5,5,91,106,35,
肇庆市,睦岗子站,112.426,23.062,2026-09-08T0000,15,37,/,34,7,34,105,37,
肇庆市,城中子站,112.4645,23.0476,2026-09-08T0000,21,36,0.9,52,9,16,121,36,
肇庆市,坑口子站,112.5545,23.1525,2026-09-08T0000,16,26,0.5,6,6,62,118,26,
肇庆市,高要湖西,112.4572,23.0163,2026-09-08T0000,26,37,1.4,14,6,53,120,38,
肇庆市,鼎湖凤凰,112.5617,23.2082,2026-09-08T0000,17,26,/,7,8,30,114,26,
镇江市,新区办事处,119.6708,32.187,2026-09-08T0000,6,17,0.4,13,3,64,108,20,
镇江市,职教中心,119.497455,32.196732,2026-09-08T0000,3,20,0.3,14,2,68,108,22,
镇江市,丹徒区监测站,119.43,32.1328,2026-09-08T0000,9,18,0.4,27,4,60,118,19,
镇江市,市疾控中心,119.4369,32.1891,2026-09-08T0000,3,12,0.5,10,6,65,114,21,
镇江市,富润路1号,119.3842,32.198,2026-09-08T0000,10,16,0.3,16,7,70,120,22,
郑州市,烟厂,113.6843,34.7622,2026-09-08T0000,32,75,0.3,22,4,124,192,68,颗粒物(PM10)
郑州市,银行学校,113.669,34.8034,2026-09-08T0000,35,67,0.5,20,5,118,193,63,颗粒物(PM10)
郑州市,供水公司,113.5612,34.8143,2026-09-08T0000,30,68,0.6,19,8,127,184,63,颗粒物(PM10)
郑州市,经开区管委,113.7269,34.7187,2026-09-08T0000,36,86,0.7,32,3,88,198,76,颗粒物(PM10)
郑州市,四十七中,113.7332,34.7727,2026-09-08T0000,39,64,0.6,18,5,109,200,60,颗粒物(PM10)
郑州市,河医大,113.6361,34.7537,2026-09-08T0000,27,61,0.4,20,5,114,184,58,颗粒物(PM10)
郑州市,惠济区政府,113.6104,34.8688,2026-09-08T0000,44,70,0.6,33,5,82,191,68,细颗粒物(PM2.5)
郑州市,北区建设指挥部,113.8362,34.566,2026-09-08T0000,37,67,0.4,32,7,98,198,63,颗粒物(PM10)
郑州市,上街区政府,113.3029,34.8041,2026-09-08T0000,52,103,0.7,22,7,96,183,88,颗粒物(PM10)
郑州市,计划路2号,113.605125,34.755221,2026-09-08T0000,34,65,0.3,15,4,121,188,61,颗粒物(PM10)
郑州市,同乐路9号,113.6525645,34.77362682,2026-09-08T0000,38,70,0.4,16,4,123,188,65,颗粒物(PM10)
中山市,华柏园,113.377,22.5211,2026-09-08T0000,19,NA,/,9,/,106,191,34,
中山市,张溪,113.3879,22.5499,2026-09-08T0000,14,28,/,10,/,109,191,35,
中山市,紫马岭,113.4071,22.5111,2026-09-08T0000,17,21,0.6,8,8,96,192,30,
中山市,中山南区,113.3527,22.4781,2026-09-08T0000,17,29,0.7,16,7,80,177,29,
中卫市,环保局站,105.1965,37.4996,2026-09-08T0000,3,6,0.4,2,2,60,64,19,
中卫市,沙坡头区政府站,105.1696,37.5164,2026-09-08T0000,3,6,0.4,3,4,61,65,20,
重庆市,天生,106.4216,29.8256,2026-09-08T0000,28,47,0.7,25,11,61,137,47,
重庆市,两路,106.6264,29.7226,2026-09-08T0000,22,41,0.6,19,8,80,117,41,
重庆市,南坪,106.5778,29.5103,2026-09-08T0000,17,24,0.2,16,6,71,106,25,
重庆市,唐家沱,106.6556,29.6277,2026-09-08T0000,22,36,0.6,22,13,70,103,36,
重庆市,歇台子,106.4958,29.5347,2026-09-08T0000,14,35,0.8,17,9,76,117,35,
重庆市,龙井湾,106.4067,29.5729,2026-09-08T0000,27,32,0.7,15,10,98,140,39,
重庆市,龙洲湾,106.5506,29.415,2026-09-08T0000,17,35,0.5,10,10,65,99,35,
重庆市,上清寺,106.5469,29.5655,2026-09-08T0000,18,37,0.4,22,4,77,106,37,
重庆市,安康,108.3871,31.1627,2026-09-08T0000,39,43,0.6,18,8,49,125,58,细颗粒物(PM2.5)
重庆市,北山路,105.8983,29.36,2026-09-08T0000,43,NA,0.8,26,9,76,121,66,细颗粒物(PM2.5)
重庆市,滩子口,106.648859,29.023807,2026-09-08T0000,17,31,0.3,11,14,49,90,31,
重庆市,棠香,105.7164,29.7077,2026-09-08T0000,27,NA,0.5,12,8,112,127,39,
重庆市,桃源西路,107.0733,29.8618,2026-09-08T0000,55,57,0.4,14,22,68,112,90,细颗粒物(PM2.5)
重庆市,迎宾大道,107.3536,29.7283,2026-09-08T0000,27,36,0.5,33,4,43,114,39,
重庆市,舟白,108.8152,29.5079,2026-09-08T0000,20,40,0.5,8,7,69,117,40,
重庆市,周家坝,108.3679,30.8429,2026-09-08T0000,44,47,0.7,27,10,42,131,68,细颗粒物(PM2.5)
重庆市,百安坝,108.4323,30.7554,2026-09-08T0000,64,NA,0.7,17,5,54,136,104,细颗粒物(PM2.5)
重庆市,芙蓉中路,107.754,29.3275,2026-09-08T0000,11,19,0.5,20,10,22,88,19,
重庆市,行政中心,106.2629,29.3202,2026-09-08T0000,28,36,0.4,20,13,51,116,40,
重庆市,书院路,106.2648,29.9853,2026-09-08T0000,68,NA,0.9,10,12,62,119,108,细颗粒物(PM2.5)
重庆市,虎峰,106.2334,29.5583,2026-09-08T0000,22,41,0.6,14,8,109,146,41,
重庆市,龙门街,106.0497,29.8345,2026-09-08T0000,42,48,0.8,13,12,98,156,64,细颗粒物(PM2.5)
重庆市,昌元,105.5931,29.4105,2026-09-08T0000,NA,79,0.9,17,10,93,122,NA,NA
重庆市,云师幼儿园,108.6971,30.9377,2026-09-08T0000,25,NA,0.8,21,6,45,130,36,
重庆市,公安局,107.3276,30.3284,2026-09-08T0000,13,19,0.3,16,8,59,121,19,
重庆市,忠县中学,108.0575,30.3254,2026-09-08T0000,41,70,0.7,35,6,35,128,65,颗粒物(PM10)
重庆市,竹枝路2号,109.4542,31.0182,2026-09-08T0000,9,36,0.4,23,6,57,134,36,
重庆市,龙河路,107.7422,29.871,2026-09-08T0000,10,21,0.4,6,12,62,110,21,
重庆市,桃花源中路,108.7636,28.84,2026-09-08T0000,24,38,0.6,16,8,48,108,38,
重庆市,秀山县高级中学,108.9758,28.4416,2026-09-08T0000,26,31,0.4,6,7,44,118,38,
重庆市,河堡街,108.1558,29.2859,2026-09-08T0000,9,24,0.7,12,6,29,90,24,
重庆市,双山路147号,106.4686218,29.48920871,2026-09-08T0000,16,31,0.5,20,8,70,112,31,
重庆市,桃园路24号,105.833962,30.18863087,2026-09-08T0000,34,51,0.6,14,5,77,147,51,颗粒物(PM10)
重庆市,钟楼街32号,107.091033,29.153966,2026-09-08T0000,48,NA,0.8,22,5,25,84,76,细颗粒物(PM2.5)
重庆市,人民南路309号,107.8042979,30.67350233,2026-09-08T0000,21,39,0.4,16,7,62,117,39,
舟山市,定海檀枫,122.1223,30.0203,2026-09-08T0000,10,29,0.6,10,7,78,106,29,
舟山市,临城新区,122.1898,29.9945,2026-09-08T0000,8,13,0.6,9,6,85,108,27,
舟山市,普陀东港中学,122.3124,29.9619,2026-09-08T0000,13,18,0.7,4,7,91,103,29,
周口市,周口师范,114.6755,33.6347,2026-09-08T0000,36,52,0.6,17,9,115,162,52,"颗粒物(PM10),细颗粒物(PM2.5)"
周口市,羲皇大道,114.8466,33.7333,2026-09-08T0000,35,83,0.9,19,6,95,171,74,颗粒物(PM10)
周口市,七一路,114.6701,33.6167,2026-09-08T0000,45,56,0.4,21,12,117,169,70,细颗粒物(PM2.5)
周口市,健康路46号,114.6421,33.6417,2026-09-08T0000,16,44,0.4,13,3,122,162,44,
周口市,太昊路,114.649,33.596,2026-09-08T0000,31,55,0.7,21,4,121,168,54,颗粒物(PM10)
株洲市,天台山庄,113.1265,27.8306,2026-09-08T0000,52,87,1.2,92,3,2,180,84,细颗粒物(PM2.5)
株洲市,株冶医院,113.0937,27.8919,2026-09-08T0000,43,55,0.9,41,4,56,170,66,细颗粒物(PM2.5)
株洲市,市四中,113.1709,27.8661,2026-09-08T0000,57,85,1.1,38,5,42,191,94,细颗粒物(PM2.5)
株洲市,火车站,113.1515,27.8265,2026-09-08T0000,50,78,1.4,36,12,47,189,80,细颗粒物(PM2.5)
株洲市,市监测站,113.1329,27.8491,2026-09-08T0000,50,80,1.0,82,9,8,189,80,细颗粒物(PM2.5)
株洲市,云田中学,113.1836,27.9959,2026-09-08T0000,48,62,0.6,18,10,88,162,76,细颗粒物(PM2.5)
珠海市,吉大,113.5811,22.2618,2026-09-08T0000,10,18,0.8,10,7,103,177,33,
珠海市,前山,113.4893,22.2323,2026-09-08T0000,9,19,/,12,/,104,138,33,
珠海市,唐家,113.6284,22.4252,2026-09-08T0000,14,23,/,5,/,112,202,35,
珠海市,斗门,113.2986,22.2284,2026-09-08T0000,28,NA,0.9,9,9,102,147,40,
珠海市,金湾,113.3493,22.0572,2026-09-08T0000,16,18,0.2,5,/,81,135,26,
珠海市,横琴,113.5436,22.1163,2026-09-08T0000,11,14,/,6,/,94,172,30,
驻马店市,市一纸厂,114.0194,32.9648,2026-09-08T0000,22,39,0.3,14,8,93,143,39,
驻马店市,市彩印厂,114.0112,33.0149,2026-09-08T0000,15,44,0.7,15,8,95,145,44,
驻马店市,小管楼,114.0002,33.0404,2026-09-08T0000,19,41,0.4,15,6,98,153,41,
驻马店市,交通路1233号,113.9856,32.9802,2026-09-08T0000,20,40,0.3,12,4,103,142,40,
资阳市,资阳中学,104.6357,30.1508,2026-09-08T0000,50,68,0.4,8,4,99,126,80,细颗粒物(PM2.5)
资阳市,区法院,104.6297,30.1259,2026-09-08T0000,50,NA,0.7,8,7,NA,121,NA,NA
资阳市,正兴街66号,104.6646,30.1116,2026-09-08T0000,45,57,0.5,7,6,92,120,70,细颗粒物(PM2.5)
淄博市,人民公园,118.0413,36.8101,2026-09-08T0000,3,14,0.2,14,4,64,150,20,
淄博市,双山,117.8524,36.4848,2026-09-08T0000,16,38,0.6,14,12,95,170,38,
淄博市,气象站,117.9595,36.6332,2026-09-08T0000,11,28,0.7,12,9,73,152,28,
淄博市,新区,117.9883,36.8372,2026-09-08T0000,9,17,0.4,22,9,61,139,20,
淄博市,三金集团,117.8662,36.8049,2026-09-08T0000,3,25,0.3,14,9,77,150,25,
淄博市,东风化工厂,118.0259,36.8409,2026-09-08T0000,7,39,0.4,25,8,63,161,39,
淄博市,广场路1号,118.3039243,36.82708161,2026-09-08T0000,10,14,0.2,18,4,62,146,20,
自贡市,檀木林体育馆,104.7765,29.3623,2026-09-08T0000,72,73,0.8,18,9,64,148,111,细颗粒物(PM2.5)
自贡市,南湖救助站,104.7894,29.3197,2026-09-08T0000,64,83,1.0,14,10,81,170,104,细颗粒物(PM2.5)
自贡市,轻化工大学,104.7637,29.3373,2026-09-08T0000,69,70,0.9,15,11,73,149,109,细颗粒物(PM2.5)
自贡市,贡兴路74号,104.714266,29.338571,2026-09-08T0000,64,66,0.6,6,9,77,140,104,细颗粒物(PM2.5)
遵义市,丁字口,106.9218,27.6872,2026-09-08T0000,21,24,0.8,16,8,39,87,30,
遵义市,凤凰山,106.9241,27.7044,2026-09-08T0000,12,24,0.6,5,5,63,91,24,
遵义市,忠庄,106.8895,27.648,2026-09-08T0000,25,44,0.7,9,2,58,86,44,
遵义市,干田坝,106.9225,27.7253,2026-09-08T0000,26,42,0.9,18,6,34,91,42,
遵义市,乌江大道东段1号,107.0425,27.7087,2026-09-08T0000,22,30,0.7,19,7,27,80,32,
遵义市,遵南大道1161号,106.8609,27.5969,2026-09-08T0000,34,NA,0.6,11,3,54,95,49,
